video_id,boat_id,angle,cx,cy
00WK7DR6FyPZ5u3A,0.0,52.7795863498,713.63576265,471.310153302
01wO3HNwawJYADQw,1.0,2.57284763074,762.687572442,420.351991469
02p3Yn87z0b5grhL,0.0,52.7795863498,713.63576265,471.310153302
05RagNzyjVdXeUFR,0.0,52.7795863498,713.63576265,471.310153302
06aFbpjpYHVBLJZa,2.0,-88.479755814,1214.32455497,345.819557705
09GA0YdSz0NvJUJx,1.0,2.57284763074,762.687572442,420.351991469
0D5zA3WRD5pXjr8j,1.0,2.57284763074,762.687572442,420.351991469
0EmM5wsVVNqaKNaM,3.0,1.83042333952,353.241406529,622.528507948
0L5wBDT4CEazgAw6,4.0,7.23003675082,214.46120426,682.701098788
0QAlqRiUad7xcB9k,1.0,2.57284763074,762.687572442,420.351991469
0RBt5mjWuPIpTlAq,2.0,-88.479755814,1214.32455497,345.819557705
0S3x7rSjWlcdVULR,1.0,2.57284763074,762.687572442,420.351991469
0TmU6uLOCJQDb8Ju,1.0,2.57284763074,762.687572442,420.351991469
0Vn7LRp72VjFggGy,3.0,1.83042333952,353.241406529,622.528507948
0YA78pqMbqAs1Mk3,0.0,52.7795863498,713.63576265,471.310153302
0YsfhFfuq7HoPOJx,1.0,2.57284763074,762.687572442,420.351991469
0ZoXfnjB82Q7Kyq1,1.0,2.57284763074,762.687572442,420.351991469
0agWG0Rmk8SIeSsf,1.0,2.57284763074,762.687572442,420.351991469
0fI0yACOinj2bEBy,3.0,1.83042333952,353.241406529,622.528507948
0n671B0EAA03ki6A,3.0,1.83042333952,353.241406529,622.528507948
0wDNYLUdgepveUqr,1.0,2.57284763074,762.687572442,420.351991469
0xJRvZlYaS9MgdGw,3.0,1.83042333952,353.241406529,622.528507948
15BJl5UY1mIOryI1,3.0,1.83042333952,353.241406529,622.528507948
18SCfijb56F6l4dR,1.0,2.57284763074,762.687572442,420.351991469
1C1Rpz3r3WwKl0Y4,1.0,2.57284763074,762.687572442,420.351991469
1DNPTfbb4A9cinjB,4.0,7.23003675082,214.46120426,682.701098788
1Fo5dKsd3qLU9hj3,1.0,2.57284763074,762.687572442,420.351991469
1G4sv9SbAsIWNTbY,1.0,2.57284763074,762.687572442,420.351991469
1GbIwz5YtN1Wd79T,1.0,2.57284763074,762.687572442,420.351991469
1IIJvi55MtgDumgt,1.0,2.57284763074,762.687572442,420.351991469
1LWTahl4UDaBkAZh,1.0,2.57284763074,762.687572442,420.351991469
1OFKjhbUjfIF1oVD,0.0,52.7795863498,713.63576265,471.310153302
1V9hYcKvo2Htdj84,1.0,2.57284763074,762.687572442,420.351991469
1aC5AlTbaTyL1cd0,3.0,1.83042333952,353.241406529,622.528507948
1fKQyaRdP1VaoPRg,1.0,2.57284763074,762.687572442,420.351991469
1j0whJmIuqNppXlU,1.0,2.57284763074,762.687572442,420.351991469
1m4CexFtjZkfB7Ok,3.0,1.83042333952,353.241406529,622.528507948
1nEQbWGvn0KtuvxH,1.0,2.57284763074,762.687572442,420.351991469
1s9QttADRW2ftUPB,3.0,1.83042333952,353.241406529,622.528507948
1uI5nLvyJxt9sHfh,3.0,1.83042333952,353.241406529,622.528507948
22yZc9PTbKVxVd8Y,3.0,1.83042333952,353.241406529,622.528507948
29pA3SPItbiOCAVo,3.0,1.83042333952,353.241406529,622.528507948
2BOHn5mxQw2zUPKQ,3.0,1.83042333952,353.241406529,622.528507948
2DNqLOxLYNcwlpp8,1.0,2.57284763074,762.687572442,420.351991469
2H0H9K6Wg72LrgqI,1.0,2.57284763074,762.687572442,420.351991469
2MoPcsoPPO6v0VJ0,1.0,2.57284763074,762.687572442,420.351991469
2NFKtAFkbqRrxO0D,3.0,1.83042333952,353.241406529,622.528507948
2NOY7wU3w8sJsn45,1.0,2.57284763074,762.687572442,420.351991469
2OTDd59IGNgAc5mp,3.0,1.83042333952,353.241406529,622.528507948
2OXmbk96ryat0j4o,1.0,2.57284763074,762.687572442,420.351991469
2OsFoE12GHMAYf3G,3.0,1.83042333952,353.241406529,622.528507948
2UDdulFeVFHqF4um,1.0,2.57284763074,762.687572442,420.351991469
2Zz3HRxKEhq6Rxvy,3.0,1.83042333952,353.241406529,622.528507948
2lPa7VSrn9ZgsKc0,3.0,1.83042333952,353.241406529,622.528507948
2nM39Bte2bhQQI0R,2.0,-88.479755814,1214.32455497,345.819557705
2pM6PVIrdsREkQMo,1.0,2.57284763074,762.687572442,420.351991469
2t0PHkDQUCXjgk3E,1.0,2.57284763074,762.687572442,420.351991469
2vXRZS4iJNKalPSZ,1.0,2.57284763074,762.687572442,420.351991469
2wZraJjBSmRmF5nh,3.0,1.83042333952,353.241406529,622.528507948
2xga6knc7IrLlQTM,2.0,-88.479755814,1214.32455497,345.819557705
2zQK5kd0wuihrhzO,1.0,2.57284763074,762.687572442,420.351991469
34e1be098BciBrwB,2.0,-88.479755814,1214.32455497,345.819557705
36DZly7KCdHA1ARL,3.0,1.83042333952,353.241406529,622.528507948
37JFPZxnRinGHLC1,2.0,-88.479755814,1214.32455497,345.819557705
3AZ4vnnPHBcYOvvr,3.0,1.83042333952,353.241406529,622.528507948
3BVPau4JYChA9rwx,1.0,2.57284763074,762.687572442,420.351991469
3CQpNbbfjyfu6Imt,2.0,-88.479755814,1214.32455497,345.819557705
3EeYHibzESZSl2mI,1.0,2.57284763074,762.687572442,420.351991469
3Oshq6Soyff2mjRy,1.0,2.57284763074,762.687572442,420.351991469
3QJEa8JchQ6vT5Uo,1.0,2.57284763074,762.687572442,420.351991469
3QReDhaNy9IGKC6t,3.0,1.83042333952,353.241406529,622.528507948
3Rfd2JyDZq8elFbZ,0.0,52.7795863498,713.63576265,471.310153302
3UvmmKLu6AjW12L4,3.0,1.83042333952,353.241406529,622.528507948
3ZztYZ5HAZMPXbAS,3.0,1.83042333952,353.241406529,622.528507948
3cgG5F09AfzTImM4,3.0,1.83042333952,353.241406529,622.528507948
3l5nY91sU1SMCtlt,4.0,7.23003675082,214.46120426,682.701098788
3l8PDz7HXZW1T7zE,0.0,52.7795863498,713.63576265,471.310153302
3m2UBdGStG37E2dx,1.0,2.57284763074,762.687572442,420.351991469
3ooX7fh7NzPSzhhN,3.0,1.83042333952,353.241406529,622.528507948
3rS9OnbcLiOO5Jau,4.0,7.23003675082,214.46120426,682.701098788
3rwuB4DKacKpG00a,1.0,2.57284763074,762.687572442,420.351991469
3yal2cCgymirTCJR,1.0,2.57284763074,762.687572442,420.351991469
464cHVEP2rxuqYzg,3.0,1.83042333952,353.241406529,622.528507948
48FPe90Y5c3STvel,3.0,1.83042333952,353.241406529,622.528507948
49eFg4OkqI4qsZUx,1.0,2.57284763074,762.687572442,420.351991469
4C7RCnf6sMJUjpFK,1.0,2.57284763074,762.687572442,420.351991469
4DWVfALdiot7VXrJ,1.0,2.57284763074,762.687572442,420.351991469
4IP83ZpC040lKRFI,4.0,7.23003675082,214.46120426,682.701098788
4NCukDSWzGp1XEku,3.0,1.83042333952,353.241406529,622.528507948
4NKVYrWvsixku2l5,0.0,52.7795863498,713.63576265,471.310153302
4NhW1eXSsvKNaSER,3.0,1.83042333952,353.241406529,622.528507948
4O5Yvo29zwuLeDkt,1.0,2.57284763074,762.687572442,420.351991469
4Sc7lKDpCbsFQnFW,1.0,2.57284763074,762.687572442,420.351991469
4WdgKA2p9Hy3sJj0,3.0,1.83042333952,353.241406529,622.528507948
4Zgr1BmaffX3LOLE,2.0,-88.479755814,1214.32455497,345.819557705
4abznQY6wjUrwq4W,3.0,1.83042333952,353.241406529,622.528507948
4bZWNDwQP3mQv0dh,3.0,1.83042333952,353.241406529,622.528507948
4cH7WydJyHjBIOkz,3.0,1.83042333952,353.241406529,622.528507948
4dUnLM3j6Td9LIip,3.0,1.83042333952,353.241406529,622.528507948
4hUAXYleQJ123Yqs,1.0,2.57284763074,762.687572442,420.351991469
4mNj1tQB0GmRB40w,1.0,2.57284763074,762.687572442,420.351991469
4xJEbOAEDEu6Og77,0.0,52.7795863498,713.63576265,471.310153302
4xdqBa6oTTbpSZXt,3.0,1.83042333952,353.241406529,622.528507948
4xuKpTmVY7LhLwOJ,2.0,-88.479755814,1214.32455497,345.819557705
59MAIrvUa1gaBNO0,3.0,1.83042333952,353.241406529,622.528507948
5BEEvcPlbtAtA5St,3.0,1.83042333952,353.241406529,622.528507948
5BnsrRKRXHoxywVN,0.0,52.7795863498,713.63576265,471.310153302
5C5iLnYVOGe8dEpr,1.0,2.57284763074,762.687572442,420.351991469
5DF1chbq4ZLVbuv4,1.0,2.57284763074,762.687572442,420.351991469
5IxEWAV7PAWqD3x9,1.0,2.57284763074,762.687572442,420.351991469
5L0168yyKo2F2ax6,3.0,1.83042333952,353.241406529,622.528507948
5Nvu5esMH64QdnoT,1.0,2.57284763074,762.687572442,420.351991469
5QdUJSq2BjW6Tm6Q,1.0,2.57284763074,762.687572442,420.351991469
5TIxVLkq5fIQec6T,3.0,1.83042333952,353.241406529,622.528507948
5VWOhcdAGSLlrwLP,1.0,2.57284763074,762.687572442,420.351991469
5XkGK10irDBZkidL,4.0,7.23003675082,214.46120426,682.701098788
5YBU8VyNAizPmFKz,3.0,1.83042333952,353.241406529,622.528507948
5en2F1FltbP31TJK,3.0,1.83042333952,353.241406529,622.528507948
5g0IfKSS3qubtN6j,3.0,1.83042333952,353.241406529,622.528507948
5hqsdjseI59O2miQ,1.0,2.57284763074,762.687572442,420.351991469
5jGY59T1bVqCFSC3,1.0,2.57284763074,762.687572442,420.351991469
5tH9Nu7hNECFJdJC,1.0,2.57284763074,762.687572442,420.351991469
5z3riaYT5zPFUMGl,3.0,1.83042333952,353.241406529,622.528507948
61qN6wcdUYp1IXZT,2.0,-88.479755814,1214.32455497,345.819557705
63d7Mp2bbq9LDQeJ,0.0,52.7795863498,713.63576265,471.310153302
66nwFFuI3iznswWB,1.0,2.57284763074,762.687572442,420.351991469
69zRH5OsZXznywzW,3.0,1.83042333952,353.241406529,622.528507948
6BvihZEi8ubCZFEw,1.0,2.57284763074,762.687572442,420.351991469
6FkVHeCG4nBINDuW,3.0,1.83042333952,353.241406529,622.528507948
6JQs2QybRSxJyHzd,1.0,2.57284763074,762.687572442,420.351991469
6KH17chcoWbIs2N8,3.0,1.83042333952,353.241406529,622.528507948
6PS3k8QYv3isHMYz,1.0,2.57284763074,762.687572442,420.351991469
6TfISXdNqbANLzpI,1.0,2.57284763074,762.687572442,420.351991469
6UwzsOhRiauhtjPx,0.0,52.7795863498,713.63576265,471.310153302
6VCrkpFUq5Uf9nsR,3.0,1.83042333952,353.241406529,622.528507948
6XvSN9bMz3SejDX7,3.0,1.83042333952,353.241406529,622.528507948
6auyyVXh2TNVYovn,3.0,1.83042333952,353.241406529,622.528507948
6hiji5Iis9467zcr,1.0,2.57284763074,762.687572442,420.351991469
6jqx0fEhBQdSFz1w,1.0,2.57284763074,762.687572442,420.351991469
6lVQx0fMiFAHsr9U,1.0,2.57284763074,762.687572442,420.351991469
6maNwVrwVQk88tAr,0.0,52.7795863498,713.63576265,471.310153302
6ntJ1G4gVBZJg6OI,3.0,1.83042333952,353.241406529,622.528507948
6qYlpNnEwm8AlE23,3.0,1.83042333952,353.241406529,622.528507948
6rvEPLyfxmA8Y7Ny,1.0,2.57284763074,762.687572442,420.351991469
6uNLEGyvAinvSwYZ,1.0,2.57284763074,762.687572442,420.351991469
6uyHJSXGLFhmUiTQ,2.0,-88.479755814,1214.32455497,345.819557705
6ykNXACLjPEg6mi4,1.0,2.57284763074,762.687572442,420.351991469
72uHluODlQpwDt3q,1.0,2.57284763074,762.687572442,420.351991469
77DlmjsHPF9n7yNt,3.0,1.83042333952,353.241406529,622.528507948
7CY7ZqUuzDThZDSM,3.0,1.83042333952,353.241406529,622.528507948
7EjTiOrXq5PiMO0s,3.0,1.83042333952,353.241406529,622.528507948
7Iuc8of0gNgIakyC,3.0,1.83042333952,353.241406529,622.528507948
7JoVltYKvzRTCrWT,1.0,2.57284763074,762.687572442,420.351991469
7N7kIikQCynHh5Ck,1.0,2.57284763074,762.687572442,420.351991469
7PHELNsSj5H273Fq,1.0,2.57284763074,762.687572442,420.351991469
7PS4zqpxiZEx7Hfv,1.0,2.57284763074,762.687572442,420.351991469
7aQn3KTPPHXAhy19,1.0,2.57284763074,762.687572442,420.351991469
7aVfbPAiJFYZVDOm,1.0,2.57284763074,762.687572442,420.351991469
7h0Z0CIk6rwLXFCk,2.0,-88.479755814,1214.32455497,345.819557705
7hMCJI5MUwNoOIqE,3.0,1.83042333952,353.241406529,622.528507948
7ieYlmEWDL1MKU4z,1.0,2.57284763074,762.687572442,420.351991469
7jPavr5tNSpgYSTj,1.0,2.57284763074,762.687572442,420.351991469
7mw5Bm0EVbIhYt6M,0.0,52.7795863498,713.63576265,471.310153302
7pr5AX52IgzD6uep,0.0,52.7795863498,713.63576265,471.310153302
7sqsOyTV79ZEq9QC,2.0,-88.479755814,1214.32455497,345.819557705
80TMQRwbd8I8BEcE,1.0,2.57284763074,762.687572442,420.351991469
840qZQmQFWCJmXn4,1.0,2.57284763074,762.687572442,420.351991469
87KRsUQGHfU2S4Ec,1.0,2.57284763074,762.687572442,420.351991469
8ExCu7fgG0DvSePH,3.0,1.83042333952,353.241406529,622.528507948
8FUOw0b1mGyyE32n,1.0,2.57284763074,762.687572442,420.351991469
8HLpm6ljlGLPYTGj,1.0,2.57284763074,762.687572442,420.351991469
8I6lufpUpYuUqclW,1.0,2.57284763074,762.687572442,420.351991469
8InnELX3hyMCxrd4,1.0,2.57284763074,762.687572442,420.351991469
8KyZ6OCMW4PMaaq0,1.0,2.57284763074,762.687572442,420.351991469
8LY8zJ5a4gbMZqb6,1.0,2.57284763074,762.687572442,420.351991469
8MCS5RriOnyYVz2Q,1.0,2.57284763074,762.687572442,420.351991469
8MSU5HLAm7US3ttO,1.0,2.57284763074,762.687572442,420.351991469
8T3gYIoChAcKOzSS,1.0,2.57284763074,762.687572442,420.351991469
8YhBIQ7sM4bQGxou,1.0,2.57284763074,762.687572442,420.351991469
8aMecyGHa8Hjv93Z,1.0,2.57284763074,762.687572442,420.351991469
8deG29XGRpCApRIT,1.0,2.57284763074,762.687572442,420.351991469
8e8qLnvb9Ga5dTEv,1.0,2.57284763074,762.687572442,420.351991469
8ejClLRkkkBipdre,2.0,-88.479755814,1214.32455497,345.819557705
8gYAVBz4M1W8OfPM,1.0,2.57284763074,762.687572442,420.351991469
8jNWhpJA5PeGb2KD,1.0,2.57284763074,762.687572442,420.351991469
8kEvfvuB93YBqaOA,3.0,1.83042333952,353.241406529,622.528507948
8s5ZOijHNvRXuP2u,0.0,52.7795863498,713.63576265,471.310153302
90EwToGGM6GV5iQq,1.0,2.57284763074,762.687572442,420.351991469
91ydZthFQZwjZ2xb,0.0,52.7795863498,713.63576265,471.310153302
97HZP8cGgJW4uT7P,1.0,2.57284763074,762.687572442,420.351991469
9EQv4kB5G1Psz9SL,3.0,1.83042333952,353.241406529,622.528507948
9FjwspdmHpKUKfCU,1.0,2.57284763074,762.687572442,420.351991469
9GUbmf1bAG132RRs,1.0,2.57284763074,762.687572442,420.351991469
9LiWAviZZ2YEM6zR,3.0,1.83042333952,353.241406529,622.528507948
9MijIov7MaV2H4GE,3.0,1.83042333952,353.241406529,622.528507948
9UueGugHWtA7D9be,2.0,-88.479755814,1214.32455497,345.819557705
9iBVSX9m1bjY4Zo7,1.0,2.57284763074,762.687572442,420.351991469
9k6R5Ir5mdvm9X0q,1.0,2.57284763074,762.687572442,420.351991469
9kLShSSOLCWqA8jm,3.0,1.83042333952,353.241406529,622.528507948
9lOklfG8IX3w6dNB,1.0,2.57284763074,762.687572442,420.351991469
9rXLUlPmESA0IwlL,1.0,2.57284763074,762.687572442,420.351991469
9xO7mYlzQlSWmcYD,1.0,2.57284763074,762.687572442,420.351991469
9ycWebqSRMYkb3Ap,0.0,52.7795863498,713.63576265,471.310153302
A5g7ICjQxJxx4cNb,1.0,2.57284763074,762.687572442,420.351991469
A7Orq990OnPjJh7d,0.0,52.7795863498,713.63576265,471.310153302
ABCNy6rhEXrVdTG5,3.0,1.83042333952,353.241406529,622.528507948
ADExDOJzsI6WOCdf,0.0,52.7795863498,713.63576265,471.310153302
ADj4HrDOPqlD6BP5,0.0,52.7795863498,713.63576265,471.310153302
AHAjGw8ADR0al1XG,1.0,2.57284763074,762.687572442,420.351991469
AJCCk8VOAh8vqcNF,1.0,2.57284763074,762.687572442,420.351991469
AKIw77zgJ188obLm,3.0,1.83042333952,353.241406529,622.528507948
AM3Grnt2iEUcK7te,1.0,2.57284763074,762.687572442,420.351991469
AM3gIWuHtaaYVnRO,1.0,2.57284763074,762.687572442,420.351991469
AMiV5GizvGVR1twr,1.0,2.57284763074,762.687572442,420.351991469
ARTKXCZp48DSwnOw,1.0,2.57284763074,762.687572442,420.351991469
ASe1daDg6uFbkeqg,3.0,1.83042333952,353.241406529,622.528507948
ATckZ1PjAvYjuVtT,3.0,1.83042333952,353.241406529,622.528507948
AUM4W6VdnLwIss0W,1.0,2.57284763074,762.687572442,420.351991469
AYbFu9ZQc0F3FBqb,1.0,2.57284763074,762.687572442,420.351991469
AZW35OjAyPblCtiT,2.0,-88.479755814,1214.32455497,345.819557705
Acc1am2Y9IofkgOo,3.0,1.83042333952,353.241406529,622.528507948
AeXpBOL6wI3V56Hh,3.0,1.83042333952,353.241406529,622.528507948
AfhCUbcoDxx0YLVE,0.0,52.7795863498,713.63576265,471.310153302
AitPMOfblMV7nTZI,1.0,2.57284763074,762.687572442,420.351991469
AmBVFhXzw7h4yBBL,3.0,1.83042333952,353.241406529,622.528507948
AoQFLwctBZDUBZNF,1.0,2.57284763074,762.687572442,420.351991469
B0AGBbjqAfB6z6ky,3.0,1.83042333952,353.241406529,622.528507948
B1wc7Djjc23r7gYN,2.0,-88.479755814,1214.32455497,345.819557705
B7UtCyD8dqTvp3Y7,3.0,1.83042333952,353.241406529,622.528507948
B8kKd5j0uwqo56ef,3.0,1.83042333952,353.241406529,622.528507948
B9TO8OEoCtqp1nUW,1.0,2.57284763074,762.687572442,420.351991469
BAjcM2Ykl3acUfxz,1.0,2.57284763074,762.687572442,420.351991469
BF5AINXm051veZru,2.0,-88.479755814,1214.32455497,345.819557705
BH9bjiFZALvro5q7,3.0,1.83042333952,353.241406529,622.528507948
BJ5vDWdM7fVRmD1o,1.0,2.57284763074,762.687572442,420.351991469
BJJly7SRi4g4bfg6,1.0,2.57284763074,762.687572442,420.351991469
BLgY5HlaiOEOBJS4,1.0,2.57284763074,762.687572442,420.351991469
BLgdcDbNVNpPwgqr,3.0,1.83042333952,353.241406529,622.528507948
BN8qaFMUBvYFECWf,3.0,1.83042333952,353.241406529,622.528507948
BOFEM9eHqDdxVaAb,1.0,2.57284763074,762.687572442,420.351991469
BR0ERtQk4K7buUxY,3.0,1.83042333952,353.241406529,622.528507948
BUQJ6K8UX6b8FzjZ,1.0,2.57284763074,762.687572442,420.351991469
BVf8dYJs4nlIVLm5,1.0,2.57284763074,762.687572442,420.351991469
BWfoPIhDjX8JuQhd,3.0,1.83042333952,353.241406529,622.528507948
BYgwsXip85DWeBS5,1.0,2.57284763074,762.687572442,420.351991469
BZgS1BvjFvAjL6ad,3.0,1.83042333952,353.241406529,622.528507948
BaqjzdiDnCp6qx2F,3.0,1.83042333952,353.241406529,622.528507948
BcHIS8amw4UiPl2P,0.0,52.7795863498,713.63576265,471.310153302
BgP3BNtTmkaK59CH,1.0,2.57284763074,762.687572442,420.351991469
BjAEkoY78RzsHmqU,1.0,2.57284763074,762.687572442,420.351991469
BkI6LZZX1bZUAwWN,1.0,2.57284763074,762.687572442,420.351991469
BlbD7MW5vysSe2ug,1.0,2.57284763074,762.687572442,420.351991469
ButSqpeGxnMcNLUy,1.0,2.57284763074,762.687572442,420.351991469
Bv715GLsyojAz6Dk,1.0,2.57284763074,762.687572442,420.351991469
BvnYL82nAgEbJlhP,4.0,7.23003675082,214.46120426,682.701098788
Bx0XLOq7La3hwUvK,2.0,-88.479755814,1214.32455497,345.819557705
BxetdkTU7OCqGaU1,1.0,2.57284763074,762.687572442,420.351991469
BzUbtiKtsZUnTwcw,0.0,52.7795863498,713.63576265,471.310153302
C060XMTdVRGimw8Q,1.0,2.57284763074,762.687572442,420.351991469
C6V6BTMmZJp5qN32,1.0,2.57284763074,762.687572442,420.351991469
C8Km0D3Jbf9mcHQi,3.0,1.83042333952,353.241406529,622.528507948
C94m77q6OCaYYXIe,1.0,2.57284763074,762.687572442,420.351991469
C9uc9V1SHNpSgpTP,1.0,2.57284763074,762.687572442,420.351991469
CHGwEMzs1jPDUgJO,1.0,2.57284763074,762.687572442,420.351991469
CItXD7AzyAOyNCXg,1.0,2.57284763074,762.687572442,420.351991469
CNtkVDr2nlALVZ5f,3.0,1.83042333952,353.241406529,622.528507948
CRvhsDh3wHpkwQWP,2.0,-88.479755814,1214.32455497,345.819557705
CS8agEW4hLbm2C5Z,2.0,-88.479755814,1214.32455497,345.819557705
CVGA3bPW6pETOZcC,1.0,2.57284763074,762.687572442,420.351991469
CVhcGFetxccENomv,3.0,1.83042333952,353.241406529,622.528507948
CXfE39CdzrrCR2xP,1.0,2.57284763074,762.687572442,420.351991469
ChNdqhpHqMYIeKL7,3.0,1.83042333952,353.241406529,622.528507948
CiBCF5JM3h4uTEsZ,1.0,2.57284763074,762.687572442,420.351991469
CpKIMVqhWkd8xQey,1.0,2.57284763074,762.687572442,420.351991469
CqKGnnmc6C70FEGK,1.0,2.57284763074,762.687572442,420.351991469
CqkuSTb5W1x3FGeH,3.0,1.83042333952,353.241406529,622.528507948
CrlqTedp5Chqc8rC,1.0,2.57284763074,762.687572442,420.351991469
D2aJvweSZRnhzJ0l,1.0,2.57284763074,762.687572442,420.351991469
D4lXfEOQgXZdqihn,3.0,1.83042333952,353.241406529,622.528507948
D6QxVR5PbGyozWPs,1.0,2.57284763074,762.687572442,420.351991469
D75audlVi4xrbHeq,2.0,-88.479755814,1214.32455497,345.819557705
D7WtoycPCNwFjOqi,1.0,2.57284763074,762.687572442,420.351991469
D8e4WWnzYQZqercG,1.0,2.57284763074,762.687572442,420.351991469
D9LZCp75zd2HDuar,4.0,7.23003675082,214.46120426,682.701098788
DAdFQZycfaX33vZL,3.0,1.83042333952,353.241406529,622.528507948
DArC66xnzBbz2UrH,3.0,1.83042333952,353.241406529,622.528507948
DDrcRpVpKKblh57Q,1.0,2.57284763074,762.687572442,420.351991469
DHp9QDZSwHs4YQfE,1.0,2.57284763074,762.687572442,420.351991469
DJKlIBZEy8TKeCM8,0.0,52.7795863498,713.63576265,471.310153302
DRacNN1LSYajXWL5,1.0,2.57284763074,762.687572442,420.351991469
DWTbWMIsmU6fva2j,4.0,7.23003675082,214.46120426,682.701098788
DZNPW19KDonuYmDF,0.0,52.7795863498,713.63576265,471.310153302
DZwB912C92feKpbv,1.0,2.57284763074,762.687572442,420.351991469
Di29V1cE51bZuh6D,3.0,1.83042333952,353.241406529,622.528507948
Di9TaVkxj2gvtKDE,1.0,2.57284763074,762.687572442,420.351991469
Djt6TbRg6IClFD9L,3.0,1.83042333952,353.241406529,622.528507948
DpenTXZfbJKl2d92,1.0,2.57284763074,762.687572442,420.351991469
DqT0DiZzzBCYP1dH,1.0,2.57284763074,762.687572442,420.351991469
DtxY2YCpoEyNmW21,3.0,1.83042333952,353.241406529,622.528507948
DwKPuDODBi4yHvyZ,3.0,1.83042333952,353.241406529,622.528507948
Dyl5NyxDTpt68aKg,3.0,1.83042333952,353.241406529,622.528507948
E5ZIBTWh9iqogvJn,1.0,2.57284763074,762.687572442,420.351991469
EHFh1fCfjezOmUws,3.0,1.83042333952,353.241406529,622.528507948
EMNyfCtjuSx2kKlP,4.0,7.23003675082,214.46120426,682.701098788
ERJQwiPcBuhPf3Os,0.0,52.7795863498,713.63576265,471.310153302
ERQaFNlwmV7jUoCZ,1.0,2.57284763074,762.687572442,420.351991469
EUt8QN2BKQfD1Rtd,2.0,-88.479755814,1214.32455497,345.819557705
EXceirbHvidY1QXZ,3.0,1.83042333952,353.241406529,622.528507948
EXmKyIq0Ohddjspt,2.0,-88.479755814,1214.32455497,345.819557705
EYGn6sbzYgJiqr3q,1.0,2.57284763074,762.687572442,420.351991469
EZ6V39ngL7hO7RKh,1.0,2.57284763074,762.687572442,420.351991469
EfAJU3astkmMbOmN,1.0,2.57284763074,762.687572442,420.351991469
EfSstwOJk5dNxTcR,4.0,7.23003675082,214.46120426,682.701098788
Ek6IjEWFH3AfBn8c,3.0,1.83042333952,353.241406529,622.528507948
EmSXpVp0IWsIkSXy,3.0,1.83042333952,353.241406529,622.528507948
Et6HlJqBhoBukeNr,1.0,2.57284763074,762.687572442,420.351991469
EtpVbGFvP1UQdS0N,3.0,1.83042333952,353.241406529,622.528507948
EtsJXboAa6KMcXX3,1.0,2.57284763074,762.687572442,420.351991469
Eu8vWGX0KOo2MmLH,0.0,52.7795863498,713.63576265,471.310153302
Evx6VKPXr8G2czME,1.0,2.57284763074,762.687572442,420.351991469
F4EE1hb0YcvHoJMy,1.0,2.57284763074,762.687572442,420.351991469
F7QV1lWvD2qFj9eN,3.0,1.83042333952,353.241406529,622.528507948
F8qzuryY9XMF2AMr,1.0,2.57284763074,762.687572442,420.351991469
F9FuC7ixXiaB3Oiz,3.0,1.83042333952,353.241406529,622.528507948
FAVNj1O0DTnIzo0g,1.0,2.57284763074,762.687572442,420.351991469
FIhjegyu2L2vG1I2,1.0,2.57284763074,762.687572442,420.351991469
FNM2nWhyPqMOy1T6,1.0,2.57284763074,762.687572442,420.351991469
FRqBX5USKxZUQryI,0.0,52.7795863498,713.63576265,471.310153302
FZ4cehn7X2trev2a,1.0,2.57284763074,762.687572442,420.351991469
FdEZSGHP27onEmgR,1.0,2.57284763074,762.687572442,420.351991469
FdQzUaTJq7K07q72,1.0,2.57284763074,762.687572442,420.351991469
Fj61a5Pd4BXWy30V,1.0,2.57284763074,762.687572442,420.351991469
FjZOryKx6W9JZ8E3,0.0,52.7795863498,713.63576265,471.310153302
FzRMkuFUrT5WO0H9,1.0,2.57284763074,762.687572442,420.351991469
G2MH76m5gA4aOdVI,1.0,2.57284763074,762.687572442,420.351991469
G65dGnJoj4F52qPP,2.0,-88.479755814,1214.32455497,345.819557705
GCzvGapNFe75wm3Z,1.0,2.57284763074,762.687572442,420.351991469
GEiHI6JUTHqoqnkt,1.0,2.57284763074,762.687572442,420.351991469
GFGxPDtt1d6B7o9e,1.0,2.57284763074,762.687572442,420.351991469
GFW7C1jlCj2DIoyB,0.0,52.7795863498,713.63576265,471.310153302
GFrWUzgZZOefKDzY,1.0,2.57284763074,762.687572442,420.351991469
GGCcHkBSOpQKvjgN,3.0,1.83042333952,353.241406529,622.528507948
GIv4eY5CErLuMTx1,1.0,2.57284763074,762.687572442,420.351991469
GJAz6yL8IRBBjBnb,0.0,52.7795863498,713.63576265,471.310153302
GKas628tUfxrFq2B,2.0,-88.479755814,1214.32455497,345.819557705
GLwp4nG8R0LlsYse,3.0,1.83042333952,353.241406529,622.528507948
GMwJ7MI1XSoB02Ss,1.0,2.57284763074,762.687572442,420.351991469
GPeEhK4Q8VHpCSmE,1.0,2.57284763074,762.687572442,420.351991469
GfosQAahFms03VlT,1.0,2.57284763074,762.687572442,420.351991469
GgTjrufNvsVlvJp7,3.0,1.83042333952,353.241406529,622.528507948
GiZ5T8rnb9CyeWJ7,0.0,52.7795863498,713.63576265,471.310153302
GkB1MbWFQc0bzDcQ,3.0,1.83042333952,353.241406529,622.528507948
GlFJ04BcGCZOJtkK,1.0,2.57284763074,762.687572442,420.351991469
Gnpk6OoUl0t39TXC,1.0,2.57284763074,762.687572442,420.351991469
GrWP6WY358AlHiMr,3.0,1.83042333952,353.241406529,622.528507948
GueE4caA0NkVJcN8,0.0,52.7795863498,713.63576265,471.310153302
Gx9k7yI07gHUmkpo,0.0,52.7795863498,713.63576265,471.310153302
GyAbrNg1Hq6UounP,2.0,-88.479755814,1214.32455497,345.819557705
GyyubMxuRD6NfcAv,3.0,1.83042333952,353.241406529,622.528507948
GzAi3rGOo5UwSTEb,1.0,2.57284763074,762.687572442,420.351991469
H1QeZylO4sHsIEw8,0.0,52.7795863498,713.63576265,471.310153302
H1sBF1TFGZLvzdGO,1.0,2.57284763074,762.687572442,420.351991469
H2zHzLj7SqtAf9Lv,3.0,1.83042333952,353.241406529,622.528507948
H4iNxXelJnbdFzwm,3.0,1.83042333952,353.241406529,622.528507948
H9OlISchjgudjSUa,3.0,1.83042333952,353.241406529,622.528507948
H9fEgIjgcmR6vnhy,1.0,2.57284763074,762.687572442,420.351991469
HFJihzPFpONJbuJx,1.0,2.57284763074,762.687572442,420.351991469
HGcKNRRHsAJGUJol,1.0,2.57284763074,762.687572442,420.351991469
HGukwl6sCwwilakI,3.0,1.83042333952,353.241406529,622.528507948
HMijBZshT9hvBoLA,1.0,2.57284763074,762.687572442,420.351991469
HNEqO1SUmzPTK2ug,0.0,52.7795863498,713.63576265,471.310153302
HVHAvtuMK8xCmvbu,1.0,2.57284763074,762.687572442,420.351991469
HW9g36Fze0tRjDrq,1.0,2.57284763074,762.687572442,420.351991469
HZ5gDpBicaO79DPV,1.0,2.57284763074,762.687572442,420.351991469
Hd9qGO13p3vy90bI,1.0,2.57284763074,762.687572442,420.351991469
HfSmJxiR3UMlRA2G,1.0,2.57284763074,762.687572442,420.351991469
HiBwc5bdkfowAbyD,2.0,-88.479755814,1214.32455497,345.819557705
Hk2eh3BZhF8u5Qdq,3.0,1.83042333952,353.241406529,622.528507948
Hqk75I4S5aktldAO,1.0,2.57284763074,762.687572442,420.351991469
Hy3tD7JposkgdvyW,2.0,-88.479755814,1214.32455497,345.819557705
I2552KPwUO5qh76z,3.0,1.83042333952,353.241406529,622.528507948
I2uhyB6hqngWmShp,1.0,2.57284763074,762.687572442,420.351991469
I3KMALd6I7FyOEtE,1.0,2.57284763074,762.687572442,420.351991469
I53MWeGXPwfdQyjb,1.0,2.57284763074,762.687572442,420.351991469
I5HwFAlTDu56rMuF,1.0,2.57284763074,762.687572442,420.351991469
I5o6SRfhR69UsB3v,0.0,52.7795863498,713.63576265,471.310153302
I9B0xKZpMwf28ZN0,3.0,1.83042333952,353.241406529,622.528507948
I9yrVPCNZYpn1DGT,1.0,2.57284763074,762.687572442,420.351991469
IBhZvvrYUVyUqtaG,1.0,2.57284763074,762.687572442,420.351991469
ICgz78SL3PCVljZJ,1.0,2.57284763074,762.687572442,420.351991469
ID9ukF7pOL7ELtE9,1.0,2.57284763074,762.687572442,420.351991469
IDAlO3lXDf0tzBG5,1.0,2.57284763074,762.687572442,420.351991469
IFN06xcMjA9xEMDc,1.0,2.57284763074,762.687572442,420.351991469
IMrS3sVBmowNFhBU,3.0,1.83042333952,353.241406529,622.528507948
IOGYoFNO2l6dxTHF,0.0,52.7795863498,713.63576265,471.310153302
ISVayWJnXufewVXz,3.0,1.83042333952,353.241406529,622.528507948
IUxsTrhvUpgEmGZP,1.0,2.57284763074,762.687572442,420.351991469
Ij1OrCudwEXaCRQN,3.0,1.83042333952,353.241406529,622.528507948
IrENLnIyPky9BvpR,3.0,1.83042333952,353.241406529,622.528507948
IsKFh0deCwYcYGCU,3.0,1.83042333952,353.241406529,622.528507948
IyVKIZq5y6PPfRMh,3.0,1.83042333952,353.241406529,622.528507948
J8peX9woTau7WbRv,1.0,2.57284763074,762.687572442,420.351991469
J8s3PtLRUPnKVgGE,0.0,52.7795863498,713.63576265,471.310153302
JHGoRx6P3Z7fkAKh,1.0,2.57284763074,762.687572442,420.351991469
JJHbuasbJzJg7NWH,0.0,52.7795863498,713.63576265,471.310153302
JKqLMMdKOBGmgujg,2.0,-88.479755814,1214.32455497,345.819557705
JMccYZweEa7sBPGa,1.0,2.57284763074,762.687572442,420.351991469
JPgbwAUe6iluLTRS,1.0,2.57284763074,762.687572442,420.351991469
JQ1yXSgt1IDOvCot,3.0,1.83042333952,353.241406529,622.528507948
JRI97t9Skaiari3h,1.0,2.57284763074,762.687572442,420.351991469
JUa028uTfSDWMoSx,1.0,2.57284763074,762.687572442,420.351991469
JV37ovOlfwPUMTMy,1.0,2.57284763074,762.687572442,420.351991469
JVf6xT6zLztFsmW9,3.0,1.83042333952,353.241406529,622.528507948
JWp11yTq5unY1Muz,2.0,-88.479755814,1214.32455497,345.819557705
JbeYgPS3qJmkuWGJ,0.0,52.7795863498,713.63576265,471.310153302
Jc45UWbnnh8MH2ec,3.0,1.83042333952,353.241406529,622.528507948
JcudUElAtitaHfZi,1.0,2.57284763074,762.687572442,420.351991469
JdvhtJ6hFcKjyi2A,1.0,2.57284763074,762.687572442,420.351991469
JfURn9RRn1qWqg2X,1.0,2.57284763074,762.687572442,420.351991469
JjUtOyV5iLfcVlBT,1.0,2.57284763074,762.687572442,420.351991469
JoscqNPaDeTAJrpQ,1.0,2.57284763074,762.687572442,420.351991469
Jyo0zcMLiw2t86CB,1.0,2.57284763074,762.687572442,420.351991469
JzQOf8hwLdOTnrOZ,2.0,-88.479755814,1214.32455497,345.819557705
K07N2DhKg4ZZF1Pg,0.0,52.7795863498,713.63576265,471.310153302
K3IpLyv0nH6EwkF7,1.0,2.57284763074,762.687572442,420.351991469
K3QhpJzdIM3t9VeB,3.0,1.83042333952,353.241406529,622.528507948
KB54n2CBpO1EOhDk,1.0,2.57284763074,762.687572442,420.351991469
KBIFslkmNnzU3ney,3.0,1.83042333952,353.241406529,622.528507948
KCLjnKVflbTgEx2P,1.0,2.57284763074,762.687572442,420.351991469
KEycBGze8NGkpO6q,0.0,52.7795863498,713.63576265,471.310153302
KJnjpi8qrIMw5ToK,1.0,2.57284763074,762.687572442,420.351991469
KKB8UCbJ3uFllPxg,1.0,2.57284763074,762.687572442,420.351991469
KOI1JLUkYt7KzR9l,1.0,2.57284763074,762.687572442,420.351991469
KUDnuaFuWWEdYTvv,1.0,2.57284763074,762.687572442,420.351991469
KVeJECB9z52J0dVy,1.0,2.57284763074,762.687572442,420.351991469
KVqrLkZ6Is8gFvIw,3.0,1.83042333952,353.241406529,622.528507948
KWZQRN7oxWnUsw8Z,1.0,2.57284763074,762.687572442,420.351991469
KX6y4acwIZsfEZkH,0.0,52.7795863498,713.63576265,471.310153302
KXlNhPpCgzBa7fMT,1.0,2.57284763074,762.687572442,420.351991469
KbzICDuEWCj70nME,1.0,2.57284763074,762.687572442,420.351991469
Kbzqwd6e8Q8AhNO8,3.0,1.83042333952,353.241406529,622.528507948
Kf1AIMKzHPl2Vmca,0.0,52.7795863498,713.63576265,471.310153302
KoJ5fhH3fM5drKAi,1.0,2.57284763074,762.687572442,420.351991469
KrvLjV1NRcD03c0p,2.0,-88.479755814,1214.32455497,345.819557705
KxOtzGLV9wZFsNyZ,3.0,1.83042333952,353.241406529,622.528507948
KypGOVQ927hbsAbb,1.0,2.57284763074,762.687572442,420.351991469
L0FOxl8gFfXGoKFC,3.0,1.83042333952,353.241406529,622.528507948
L383eUgg0m4eR4pa,4.0,7.23003675082,214.46120426,682.701098788
L5y8NPQeEPg5Uuv8,0.0,52.7795863498,713.63576265,471.310153302
LGOKZh6yN4Zs7A4c,3.0,1.83042333952,353.241406529,622.528507948
LHnuBthdZMq5ukhm,1.0,2.57284763074,762.687572442,420.351991469
LJvIMJBNFjAE64zH,3.0,1.83042333952,353.241406529,622.528507948
LK4EptUPPyJDZExB,1.0,2.57284763074,762.687572442,420.351991469
LKTGmXlB8y9Ehchg,3.0,1.83042333952,353.241406529,622.528507948
LM0Lq5LCqviuhJQE,1.0,2.57284763074,762.687572442,420.351991469
LNthJGV5G7a5Cb8S,1.0,2.57284763074,762.687572442,420.351991469
LR1u0pUsUSvPXcUt,1.0,2.57284763074,762.687572442,420.351991469
LSkOEbDawBdcnQfY,1.0,2.57284763074,762.687572442,420.351991469
LTZIKFZzTFffQqME,1.0,2.57284763074,762.687572442,420.351991469
Lfko7acpCTIn44Fp,0.0,52.7795863498,713.63576265,471.310153302
Lhm796wb8cSGVQOU,3.0,1.83042333952,353.241406529,622.528507948
LlqHOw5X88w7O4Mn,2.0,-88.479755814,1214.32455497,345.819557705
LmgrZAOHFsu8DtbK,1.0,2.57284763074,762.687572442,420.351991469
LqPxkDw3BZO8Kv31,1.0,2.57284763074,762.687572442,420.351991469
Lri4oED63nlhOdO5,3.0,1.83042333952,353.241406529,622.528507948
Lrszcc5GfbDZDkxg,1.0,2.57284763074,762.687572442,420.351991469
LuV83NtUsAKbKLSE,1.0,2.57284763074,762.687572442,420.351991469
LyX3gKZRtVRXYOwx,1.0,2.57284763074,762.687572442,420.351991469
M6ab14FsdqqxEXKO,0.0,52.7795863498,713.63576265,471.310153302
MAf5GXNiQ5mpwXS8,2.0,-88.479755814,1214.32455497,345.819557705
MBnDyVNf3tqz8mCV,1.0,2.57284763074,762.687572442,420.351991469
MCZE67p14O2XVbur,3.0,1.83042333952,353.241406529,622.528507948
MCeUwhsLuf6zLpEh,1.0,2.57284763074,762.687572442,420.351991469
MMfYP73YZPs26oor,1.0,2.57284763074,762.687572442,420.351991469
MQ6qP2Mvr4GVghJk,1.0,2.57284763074,762.687572442,420.351991469
MYaKZYGbtL50x2PE,1.0,2.57284763074,762.687572442,420.351991469
MrwxBZPPlXYDVyXW,1.0,2.57284763074,762.687572442,420.351991469
N3v8TOTbKIyhLrnG,3.0,1.83042333952,353.241406529,622.528507948
N5DyGw4ytWBclB5m,0.0,52.7795863498,713.63576265,471.310153302
N92OcBawKaNIDAzS,3.0,1.83042333952,353.241406529,622.528507948
N93UdhkXEJjJ1MWB,1.0,2.57284763074,762.687572442,420.351991469
N9RLW04QDGFqY6sH,1.0,2.57284763074,762.687572442,420.351991469
NApIrsFe8QQPVhfm,1.0,2.57284763074,762.687572442,420.351991469
NBhjeu35BFvlDMwi,3.0,1.83042333952,353.241406529,622.528507948
NFX7L5E6QXXpcqmO,3.0,1.83042333952,353.241406529,622.528507948
NHteAGhL5hg9dGyz,4.0,7.23003675082,214.46120426,682.701098788
NMZIfXsw1hMDaRDs,3.0,1.83042333952,353.241406529,622.528507948
NT4ee4nnEjoYOZ66,1.0,2.57284763074,762.687572442,420.351991469
NTlHw2FvJWYEylD5,0.0,52.7795863498,713.63576265,471.310153302
NWp3xHC9X7sE8EKw,1.0,2.57284763074,762.687572442,420.351991469
Ne3R4gN9bbrkmtcB,3.0,1.83042333952,353.241406529,622.528507948
Ne9x456jjLHGVyFF,1.0,2.57284763074,762.687572442,420.351991469
NfOOJWEZV7RUs60k,3.0,1.83042333952,353.241406529,622.528507948
NfaDojHg9nthsHLa,3.0,1.83042333952,353.241406529,622.528507948
NfoaOpe3WFssL07K,3.0,1.83042333952,353.241406529,622.528507948
NhgFwxWI2vj6hbFU,1.0,2.57284763074,762.687572442,420.351991469
NkF0KWZoc8KWvl0t,1.0,2.57284763074,762.687572442,420.351991469
Nktl66tAoHijX7l3,1.0,2.57284763074,762.687572442,420.351991469
NlPrmoU1rcbvxTH1,3.0,1.83042333952,353.241406529,622.528507948
NnCE5Xk4ZQyE6eAe,1.0,2.57284763074,762.687572442,420.351991469
No9GKd2K2sqEnIMi,1.0,2.57284763074,762.687572442,420.351991469
NpvDuWvH24CcMVgk,1.0,2.57284763074,762.687572442,420.351991469
Nrg2glUsUVnXG5Dh,1.0,2.57284763074,762.687572442,420.351991469
NtPl4ZvVPkjJe8lm,2.0,-88.479755814,1214.32455497,345.819557705
Nu8u9KyyZIU8gh8y,1.0,2.57284763074,762.687572442,420.351991469
NvKG5o7VgcVEkzTS,0.0,52.7795863498,713.63576265,471.310153302
NwWAY5MRCeBLWuUN,1.0,2.57284763074,762.687572442,420.351991469
Nz26fKL1BBeLBXat,1.0,2.57284763074,762.687572442,420.351991469
O042NMTZ0xqbxuw0,1.0,2.57284763074,762.687572442,420.351991469
O87RSvQd3MadRvWc,1.0,2.57284763074,762.687572442,420.351991469
ODfdxF0SEkya3LyN,0.0,52.7795863498,713.63576265,471.310153302
ODglUWbLbX4abjjm,1.0,2.57284763074,762.687572442,420.351991469
OEcV0md69uA98jDk,0.0,52.7795863498,713.63576265,471.310153302
OJLIk2PNaTc2mwjg,1.0,2.57284763074,762.687572442,420.351991469
OL6tyo22yFwbMpuo,1.0,2.57284763074,762.687572442,420.351991469
OLl3AIPGblCcqxe8,1.0,2.57284763074,762.687572442,420.351991469
ONO8fsACHoOPwimX,1.0,2.57284763074,762.687572442,420.351991469
ONzejsGvv43gRElD,2.0,-88.479755814,1214.32455497,345.819557705
OO3pnZ58H9a0Z6UB,3.0,1.83042333952,353.241406529,622.528507948
OOO4AIoQGv8iB1iP,3.0,1.83042333952,353.241406529,622.528507948
Ocvpx9D9dut2PAhh,0.0,52.7795863498,713.63576265,471.310153302
Od9meHnzh9osQhmO,1.0,2.57284763074,762.687572442,420.351991469
OgvSHgRK25pcnPjs,3.0,1.83042333952,353.241406529,622.528507948
OniFFSXYpNMq2HVs,4.0,7.23003675082,214.46120426,682.701098788
Or4qVIelq3LhRkx4,0.0,52.7795863498,713.63576265,471.310153302
OsKNvFBxThCdIlAx,0.0,52.7795863498,713.63576265,471.310153302
OseXkdg9ruBW7KrY,3.0,1.83042333952,353.241406529,622.528507948
Oslt4FxY6WhAsnEc,1.0,2.57284763074,762.687572442,420.351991469
OuLPJnPsAzYQp0WI,3.0,1.83042333952,353.241406529,622.528507948
OzBFBYpEmCIJ7x1A,1.0,2.57284763074,762.687572442,420.351991469
OzbroDTnoJCcIFzu,3.0,1.83042333952,353.241406529,622.528507948
P6BzbBAKqqQovXAv,2.0,-88.479755814,1214.32455497,345.819557705
P9lVRcIdhvYMOeww,3.0,1.83042333952,353.241406529,622.528507948
PKLOvLUi9nzbk7Ss,1.0,2.57284763074,762.687572442,420.351991469
PKgZlVK385tUaNbL,1.0,2.57284763074,762.687572442,420.351991469
PKwfhx6ZghkJBkZ8,1.0,2.57284763074,762.687572442,420.351991469
PRXYnZo7W5Ig6DyJ,0.0,52.7795863498,713.63576265,471.310153302
PTFXNH730qHCREYa,2.0,-88.479755814,1214.32455497,345.819557705
PUvCBNUtF29Mqv8K,2.0,-88.479755814,1214.32455497,345.819557705
PW05hc3ObtluSXmp,1.0,2.57284763074,762.687572442,420.351991469
PWzLgr0j72Is45ZH,3.0,1.83042333952,353.241406529,622.528507948
Pd4CfSGpq3ZpPgZO,1.0,2.57284763074,762.687572442,420.351991469
PgaT8jKLff2CSDDM,1.0,2.57284763074,762.687572442,420.351991469
PhfFDqBElcPBa7tT,0.0,52.7795863498,713.63576265,471.310153302
PoIUw7KiQvPxwEGW,3.0,1.83042333952,353.241406529,622.528507948
Pq7yb1KdRfnLXCAB,1.0,2.57284763074,762.687572442,420.351991469
Pru5dAqqiT3qQVcS,3.0,1.83042333952,353.241406529,622.528507948
PsluplmCXNjnPyVW,3.0,1.83042333952,353.241406529,622.528507948
PtYn9Zx4PZNa2mN4,1.0,2.57284763074,762.687572442,420.351991469
Pu9wOjLEK2qYetEL,3.0,1.83042333952,353.241406529,622.528507948
PuD1PZGjcMAUTJx6,0.0,52.7795863498,713.63576265,471.310153302
PyCsXjRCp3KzDiZQ,1.0,2.57284763074,762.687572442,420.351991469
Q3ml6GVWSMvbdVe5,1.0,2.57284763074,762.687572442,420.351991469
Q97LDPokO6OpHQt3,3.0,1.83042333952,353.241406529,622.528507948
QBNprZX2vpsPdpKi,1.0,2.57284763074,762.687572442,420.351991469
QG8Npz4jGPxAxZfF,4.0,7.23003675082,214.46120426,682.701098788
QGZeYEXW9nn1CNhZ,1.0,2.57284763074,762.687572442,420.351991469
QHY39RP8q0e9joLH,1.0,2.57284763074,762.687572442,420.351991469
QKMTRtK7FnbomZ6o,1.0,2.57284763074,762.687572442,420.351991469
QNglfbhHw1NLgR2j,1.0,2.57284763074,762.687572442,420.351991469
QRD3aB0KKwj66i65,0.0,52.7795863498,713.63576265,471.310153302
QSDbcG35kLmhEV07,1.0,2.57284763074,762.687572442,420.351991469
QW2Y9yXNvtbCdGeg,1.0,2.57284763074,762.687572442,420.351991469
QXdjhiV2RiyTTEav,3.0,1.83042333952,353.241406529,622.528507948
QZm5NBg2rzlGqVnd,1.0,2.57284763074,762.687572442,420.351991469
Qarbtj7iroW1SLep,3.0,1.83042333952,353.241406529,622.528507948
QfAVhJxtlkicr4b1,1.0,2.57284763074,762.687572442,420.351991469
QgD0p4YkiVcyBSQM,1.0,2.57284763074,762.687572442,420.351991469
Qk1g7ufGl3V4ch94,1.0,2.57284763074,762.687572442,420.351991469
QmRJGGdSFodlnE87,1.0,2.57284763074,762.687572442,420.351991469
QtQx6QJgHSkZksRK,0.0,52.7795863498,713.63576265,471.310153302
Qtj4YVxFT2fBaiL3,1.0,2.57284763074,762.687572442,420.351991469
QuWN07zl1rgWS80A,1.0,2.57284763074,762.687572442,420.351991469
QvsClE3MsOjiWbNy,1.0,2.57284763074,762.687572442,420.351991469
QwxRTAXyMJMEZ6Hk,0.0,52.7795863498,713.63576265,471.310153302
R0H0yJBRnXLh0f6F,3.0,1.83042333952,353.241406529,622.528507948
R0QpPhtn44DMx1A8,1.0,2.57284763074,762.687572442,420.351991469
R36vXuKY1GcOfEdV,3.0,1.83042333952,353.241406529,622.528507948
R78BzcjK9kSlfgnh,1.0,2.57284763074,762.687572442,420.351991469
R79aOZdGLi8BaQWO,3.0,1.83042333952,353.241406529,622.528507948
R7s6krigeTWg9hEi,3.0,1.83042333952,353.241406529,622.528507948
R82DWBAPIvYVbzL6,1.0,2.57284763074,762.687572442,420.351991469
R9hE8YRfzZJAdIcw,1.0,2.57284763074,762.687572442,420.351991469
RCo4aOdhYgc7UxP6,0.0,52.7795863498,713.63576265,471.310153302
RECRLhh31CxovLuY,1.0,2.57284763074,762.687572442,420.351991469
RQs3HwLtqWckI4FR,1.0,2.57284763074,762.687572442,420.351991469
RV9j0j9f3oat9pFC,1.0,2.57284763074,762.687572442,420.351991469
RX97TD9N4UUyfWSE,0.0,52.7795863498,713.63576265,471.310153302
Rcf0a0LZFphM4Zem,1.0,2.57284763074,762.687572442,420.351991469
Rfd2X6jC704QzOAl,1.0,2.57284763074,762.687572442,420.351991469
RnMCWtRGEsnX1ika,1.0,2.57284763074,762.687572442,420.351991469
Ro6GXQAVmXSiDR1X,1.0,2.57284763074,762.687572442,420.351991469
Rt02DH6QwwkFEcv0,1.0,2.57284763074,762.687572442,420.351991469
RzxlaYOB7ScnShhC,1.0,2.57284763074,762.687572442,420.351991469
S1ehXXWyp6iwtnos,1.0,2.57284763074,762.687572442,420.351991469
S7WliWnrfTeZPb3E,3.0,1.83042333952,353.241406529,622.528507948
SEvNidSLU5sR0T1i,0.0,52.7795863498,713.63576265,471.310153302
SHKb4D8lsTwRQ5cb,0.0,52.7795863498,713.63576265,471.310153302
SK8Mnon6krJZAOxt,0.0,52.7795863498,713.63576265,471.310153302
SRRYZuKT3dWae7ac,1.0,2.57284763074,762.687572442,420.351991469
STGnqotNr63sZNqR,1.0,2.57284763074,762.687572442,420.351991469
SYV5AynJvJeoyTi8,1.0,2.57284763074,762.687572442,420.351991469
SaQToBCWSWJK8fPA,1.0,2.57284763074,762.687572442,420.351991469
SbbHEHvFw4fJIwPi,1.0,2.57284763074,762.687572442,420.351991469
SdrjykGhbZ2xSrWg,1.0,2.57284763074,762.687572442,420.351991469
SgtFM7pUoqXWO33I,1.0,2.57284763074,762.687572442,420.351991469
SjsgbAtLMgqmLIRo,1.0,2.57284763074,762.687572442,420.351991469
SlPe5YhHhgjl58D3,0.0,52.7795863498,713.63576265,471.310153302
Smp6fBe91zVjeJfu,3.0,1.83042333952,353.241406529,622.528507948
SqUlkwwOUBjTDBQL,1.0,2.57284763074,762.687572442,420.351991469
SrGn8O8MsAF3dAEx,1.0,2.57284763074,762.687572442,420.351991469
SufHMRNNe0u52zyv,3.0,1.83042333952,353.241406529,622.528507948
SvurXxSgv8FMOIGV,0.0,52.7795863498,713.63576265,471.310153302
Swo98RYrmSOv0p9W,4.0,7.23003675082,214.46120426,682.701098788
T2SISzfv8x0vExZk,1.0,2.57284763074,762.687572442,420.351991469
T35c8U1o1H1lSaJw,1.0,2.57284763074,762.687572442,420.351991469
T4QaZfjGq77mFLjw,3.0,1.83042333952,353.241406529,622.528507948
T5Ya7ALPWKcmi6kw,1.0,2.57284763074,762.687572442,420.351991469
T6jABNzRERDxIlpj,2.0,-88.479755814,1214.32455497,345.819557705
TDYqjJBqiZDBkJCK,0.0,52.7795863498,713.63576265,471.310153302
TNkLMidcu1TM9eQ7,1.0,2.57284763074,762.687572442,420.351991469
TTrzQsP2lVgg7LXN,1.0,2.57284763074,762.687572442,420.351991469
TgGJcVmd1q4XqYly,1.0,2.57284763074,762.687572442,420.351991469
TgcmU5M9hG2y0mfI,1.0,2.57284763074,762.687572442,420.351991469
TgnZKghB5OdswNYO,1.0,2.57284763074,762.687572442,420.351991469
TiB8pIxeitKehR3w,3.0,1.83042333952,353.241406529,622.528507948
TkT5pxs5QB19tmwY,1.0,2.57284763074,762.687572442,420.351991469
TnMsQsIKGAeLQyxp,1.0,2.57284763074,762.687572442,420.351991469
TnucjZr0tw8xYcfN,1.0,2.57284763074,762.687572442,420.351991469
ToVEf2JhGuOjX2Ei,1.0,2.57284763074,762.687572442,420.351991469
TxY5feWs6qler9fU,1.0,2.57284763074,762.687572442,420.351991469
TzNJHyexu243juzo,1.0,2.57284763074,762.687572442,420.351991469
U03YkAP8CrXMK8r7,3.0,1.83042333952,353.241406529,622.528507948
U432h03ejbPBkrTT,1.0,2.57284763074,762.687572442,420.351991469
U4e9Z1jyOgrptBh6,1.0,2.57284763074,762.687572442,420.351991469
U7MhD7KcpkaYgPnb,2.0,-88.479755814,1214.32455497,345.819557705
U92R7v6KwLWY55pj,0.0,52.7795863498,713.63576265,471.310153302
U99969qUG116NJyz,1.0,2.57284763074,762.687572442,420.351991469
UATwfeXED7ZLUr7l,1.0,2.57284763074,762.687572442,420.351991469
UCtF63jQ6EKRv1mM,4.0,7.23003675082,214.46120426,682.701098788
UEzaYcb5GW7maAs7,1.0,2.57284763074,762.687572442,420.351991469
UI76IIfUixDXRY6c,0.0,52.7795863498,713.63576265,471.310153302
UKJ92uobiFj4mPhs,0.0,52.7795863498,713.63576265,471.310153302
UNo9wIXUUigrqNpY,3.0,1.83042333952,353.241406529,622.528507948
URxfF3mI7KzDm7PZ,1.0,2.57284763074,762.687572442,420.351991469
UTmzrCFNmm2Zi5gu,1.0,2.57284763074,762.687572442,420.351991469
UUTkS3U4PI0XKnO7,0.0,52.7795863498,713.63576265,471.310153302
UYcbyfYwFPyH5SeU,1.0,2.57284763074,762.687572442,420.351991469
Uaca1S84TJozfe9y,1.0,2.57284763074,762.687572442,420.351991469
UbHO4WhRXnWSzXoV,0.0,52.7795863498,713.63576265,471.310153302
Ue3jqfVCWM8LfIEv,1.0,2.57284763074,762.687572442,420.351991469
UeJUDLSTJclm3dRw,3.0,1.83042333952,353.241406529,622.528507948
Uh5xfDF2AJNABjQC,1.0,2.57284763074,762.687572442,420.351991469
UhpBexyJEBTplBuW,1.0,2.57284763074,762.687572442,420.351991469
UjlYSMeGfaqcho4d,1.0,2.57284763074,762.687572442,420.351991469
Upe4aCfEwufcKrgP,0.0,52.7795863498,713.63576265,471.310153302
Ur86lxz9MnvjBeqZ,1.0,2.57284763074,762.687572442,420.351991469
UrEOkKCkutYT7Mj7,2.0,-88.479755814,1214.32455497,345.819557705
UxVByxmEqfxhIOpV,1.0,2.57284763074,762.687572442,420.351991469
V9iypTWl2QFkmkWC,1.0,2.57284763074,762.687572442,420.351991469
VDrCn7twaxtG5wBl,2.0,-88.479755814,1214.32455497,345.819557705
VKANdmeVagzqEOEa,1.0,2.57284763074,762.687572442,420.351991469
VQMsjeOeAp3MP7Hs,1.0,2.57284763074,762.687572442,420.351991469
VSSzViqmDUtTuPhF,3.0,1.83042333952,353.241406529,622.528507948
VUJZDLKPIIGAmACv,1.0,2.57284763074,762.687572442,420.351991469
VVOkyE3UqjsrjlJS,1.0,2.57284763074,762.687572442,420.351991469
VXDOW9XJMZeEsIq9,1.0,2.57284763074,762.687572442,420.351991469
VbAOfnLzAHysmjuM,3.0,1.83042333952,353.241406529,622.528507948
VcSXkciQiWy8eSea,3.0,1.83042333952,353.241406529,622.528507948
VfHgCzI37OGMooct,0.0,52.7795863498,713.63576265,471.310153302
VgRzxfZXIOXtyMJE,3.0,1.83042333952,353.241406529,622.528507948
VhLECUPZiuuk7oW7,3.0,1.83042333952,353.241406529,622.528507948
VhO1aMDyLckgOgVj,1.0,2.57284763074,762.687572442,420.351991469
ViwKoythswCClGqc,1.0,2.57284763074,762.687572442,420.351991469
VkRSNNe6iS2LNmNA,1.0,2.57284763074,762.687572442,420.351991469
VwwDjC2PYB63XhFT,3.0,1.83042333952,353.241406529,622.528507948
Vwz1s6qglKgeLg7O,3.0,1.83042333952,353.241406529,622.528507948
W0f5m0ZdUQyv5GmW,1.0,2.57284763074,762.687572442,420.351991469
W5A4CMxRboa674Zf,1.0,2.57284763074,762.687572442,420.351991469
W8XM1Q2FbwCKqTtq,1.0,2.57284763074,762.687572442,420.351991469
WGmKo0WPOVNxpu7H,1.0,2.57284763074,762.687572442,420.351991469
WJbVV4bH92vD2yr1,1.0,2.57284763074,762.687572442,420.351991469
WQzEmqJcw2rpivRu,3.0,1.83042333952,353.241406529,622.528507948
WYr9jatIcDGct8tt,1.0,2.57284763074,762.687572442,420.351991469
WZuVdO9tqZlzFGTX,1.0,2.57284763074,762.687572442,420.351991469
Wbxyw9ifCIz8c39J,2.0,-88.479755814,1214.32455497,345.819557705
WfyqvnQVikJ3b5nG,2.0,-88.479755814,1214.32455497,345.819557705
Wg5J6VEyMNH70oVD,1.0,2.57284763074,762.687572442,420.351991469
WgdRsE5q7AfifkVN,1.0,2.57284763074,762.687572442,420.351991469
WhwuNmlIHL7C5IQv,0.0,52.7795863498,713.63576265,471.310153302
Wk00cuo8IjBZwKCF,3.0,1.83042333952,353.241406529,622.528507948
WlzvSNoojAkGkkyG,3.0,1.83042333952,353.241406529,622.528507948
WugJQ1gHgiNLlb7o,1.0,2.57284763074,762.687572442,420.351991469
WwGxW9qOcit1TXz0,1.0,2.57284763074,762.687572442,420.351991469
X10hT0q32ZgsMsAQ,4.0,7.23003675082,214.46120426,682.701098788
XABuAh0zoRHvbhec,3.0,1.83042333952,353.241406529,622.528507948
XLPJAl0lfWLtcYTr,3.0,1.83042333952,353.241406529,622.528507948
XLwOek1B3opImm0e,1.0,2.57284763074,762.687572442,420.351991469
XOU2M1V6fGKA0wsm,2.0,-88.479755814,1214.32455497,345.819557705
XP0EhGaHcKoNuAqs,3.0,1.83042333952,353.241406529,622.528507948
XPoz7GOAGYZgiNQC,1.0,2.57284763074,762.687572442,420.351991469
XPsQN9NleL0MwuhM,2.0,-88.479755814,1214.32455497,345.819557705
XPt0qT2JUTG3nQYm,3.0,1.83042333952,353.241406529,622.528507948
XRPWB7Yo4prK15Nr,1.0,2.57284763074,762.687572442,420.351991469
XSbFkJhXvrg4iWci,3.0,1.83042333952,353.241406529,622.528507948
XVS507FeRcg4XEgS,4.0,7.23003675082,214.46120426,682.701098788
XWPYsO3Crge7e3Xz,1.0,2.57284763074,762.687572442,420.351991469
XWSVJY7MNCaJqDkI,1.0,2.57284763074,762.687572442,420.351991469
XX3XqCK525OV0ZwK,1.0,2.57284763074,762.687572442,420.351991469
XYfh9yYhTjvXjTCA,2.0,-88.479755814,1214.32455497,345.819557705
XZJcVaW0pgyvcLuK,1.0,2.57284763074,762.687572442,420.351991469
XZNS08O2RZ4WsstV,1.0,2.57284763074,762.687572442,420.351991469
Xa5h0UHsebovR5YS,3.0,1.83042333952,353.241406529,622.528507948
XeYkpqg4zaFYwt52,4.0,7.23003675082,214.46120426,682.701098788
Xhe0Dnj1hCcA10G3,0.0,52.7795863498,713.63576265,471.310153302
XjTAbQ5JYE3ZTAij,1.0,2.57284763074,762.687572442,420.351991469
XpuBGlgrg123Vki0,1.0,2.57284763074,762.687572442,420.351991469
Xqve6YVtu5o2aLx7,3.0,1.83042333952,353.241406529,622.528507948
XsKT5O5hS44Cjbk1,3.0,1.83042333952,353.241406529,622.528507948
XwJe4QR1dSd1SYrx,2.0,-88.479755814,1214.32455497,345.819557705
XyN2nOs2Qdta7Ssa,1.0,2.57284763074,762.687572442,420.351991469
XyX0wEfFP43U0VpT,1.0,2.57284763074,762.687572442,420.351991469
Y2MzJvlVe1duI8Us,1.0,2.57284763074,762.687572442,420.351991469
Y4SZL7TJx05TCe09,3.0,1.83042333952,353.241406529,622.528507948
Y5auLFAjRuY52llu,3.0,1.83042333952,353.241406529,622.528507948
YCcX1V7Aj2LDgnGm,1.0,2.57284763074,762.687572442,420.351991469
YDGHnIeP75LtrpMZ,1.0,2.57284763074,762.687572442,420.351991469
YL6rmGoVCEKvu7LU,1.0,2.57284763074,762.687572442,420.351991469
YPaIMajTnC0L2CUB,0.0,52.7795863498,713.63576265,471.310153302
YT3ckw4UuXJgGsH3,3.0,1.83042333952,353.241406529,622.528507948
YTX6TFCWVGhtacYB,0.0,52.7795863498,713.63576265,471.310153302
YWg3P8G3aPF1pJ3A,1.0,2.57284763074,762.687572442,420.351991469
YdMOdJ4UF89Mqw67,1.0,2.57284763074,762.687572442,420.351991469
YjP9qwyi2s0GwLcb,1.0,2.57284763074,762.687572442,420.351991469
Ymfg5UF0uAX0tlPM,3.0,1.83042333952,353.241406529,622.528507948
YpHy2NDsA7aP9xpL,3.0,1.83042333952,353.241406529,622.528507948
YqMNv17kZDd4GoqG,3.0,1.83042333952,353.241406529,622.528507948
YrJCzz3rD3YOizez,1.0,2.57284763074,762.687572442,420.351991469
Yupft53ieb6SRsfj,1.0,2.57284763074,762.687572442,420.351991469
Yx1GtnZsSiV2fJEq,1.0,2.57284763074,762.687572442,420.351991469
YzkcSSaCqmB2xkN8,1.0,2.57284763074,762.687572442,420.351991469
Z0OKx46qTphkA8Az,1.0,2.57284763074,762.687572442,420.351991469
Z3rGoELHIaMy3PAT,1.0,2.57284763074,762.687572442,420.351991469
Z5MHaOBJjJ4zFjvm,1.0,2.57284763074,762.687572442,420.351991469
Z6bQlMOQqeVVEECU,1.0,2.57284763074,762.687572442,420.351991469
Z7PzifyMtv4ldiKp,1.0,2.57284763074,762.687572442,420.351991469
ZAP3DlNVYdpsAra0,3.0,1.83042333952,353.241406529,622.528507948
ZDIabEUb5WF8L6p1,1.0,2.57284763074,762.687572442,420.351991469
ZE45XMEMvXcdqN9s,1.0,2.57284763074,762.687572442,420.351991469
ZNpJ6Y0hxxhNPEuS,3.0,1.83042333952,353.241406529,622.528507948
ZPmh03ifDug1fyt6,0.0,52.7795863498,713.63576265,471.310153302
ZSSevmaFvBKXtUkX,1.0,2.57284763074,762.687572442,420.351991469
ZT3F0L0a4gyz1i2p,1.0,2.57284763074,762.687572442,420.351991469
ZTARQcOnbBIY8Mgy,3.0,1.83042333952,353.241406529,622.528507948
ZVg07UANwbxMkOpk,1.0,2.57284763074,762.687572442,420.351991469
ZYs9NeGe4Y472z0p,0.0,52.7795863498,713.63576265,471.310153302
ZZ4qcDCvrB2ThFu6,1.0,2.57284763074,762.687572442,420.351991469
Zeoyn8b7h8P8IEc2,3.0,1.83042333952,353.241406529,622.528507948
ZfxBVBPqd8hy3XGA,1.0,2.57284763074,762.687572442,420.351991469
ZgNrh7WtzNa5i1OO,1.0,2.57284763074,762.687572442,420.351991469
ZgXMtK2CqqXasx5a,2.0,-88.479755814,1214.32455497,345.819557705
ZllPMGx3BaMdaoXD,3.0,1.83042333952,353.241406529,622.528507948
ZpQfx3wAesvyITIS,1.0,2.57284763074,762.687572442,420.351991469
Zqp3yxvsMHRCcU4L,3.0,1.83042333952,353.241406529,622.528507948
ZyWVWGHjmzX4vBbE,1.0,2.57284763074,762.687572442,420.351991469
ZzNv0x8nujQXuz35,1.0,2.57284763074,762.687572442,420.351991469
a1uy17GHhyf1DKKO,1.0,2.57284763074,762.687572442,420.351991469
a316RCdA1ktcAarw,3.0,1.83042333952,353.241406529,622.528507948
a8hGfXMSkA6fcYmy,0.0,52.7795863498,713.63576265,471.310153302
a91R6ZFKxGqx9a75,3.0,1.83042333952,353.241406529,622.528507948
aAFz58FbVJmDaME3,3.0,1.83042333952,353.241406529,622.528507948
aH1GB7WdbfJtKgrI,1.0,2.57284763074,762.687572442,420.351991469
aKAyWmEie96RKAPz,1.0,2.57284763074,762.687572442,420.351991469
aL1C8loY1KVp2htK,4.0,7.23003675082,214.46120426,682.701098788
aL8Y15sWfsnYM9ne,1.0,2.57284763074,762.687572442,420.351991469
aTAbz4Jg702G65sq,1.0,2.57284763074,762.687572442,420.351991469
aWOKS1eGEek84n0o,3.0,1.83042333952,353.241406529,622.528507948
aYn1aa78CLZQ9ScX,3.0,1.83042333952,353.241406529,622.528507948
aZjiJ2RDG7e5QpwF,1.0,2.57284763074,762.687572442,420.351991469
aaPrtIbbJtLtjJwX,3.0,1.83042333952,353.241406529,622.528507948
aefBRZ4IHqDwq8yT,1.0,2.57284763074,762.687572442,420.351991469
affzuc7u4b3vPLSq,3.0,1.83042333952,353.241406529,622.528507948
akFoHqgD1CDXHQ0a,2.0,-88.479755814,1214.32455497,345.819557705
akyPDa0Z7qKCPSCI,1.0,2.57284763074,762.687572442,420.351991469
alk0Ovfjvxxafmnn,3.0,1.83042333952,353.241406529,622.528507948
aqtoaebDL0fCfCTh,1.0,2.57284763074,762.687572442,420.351991469
artGl2rst71DWkU5,3.0,1.83042333952,353.241406529,622.528507948
awfhX1OxW67P6wSc,1.0,2.57284763074,762.687572442,420.351991469
axQux1dKbTi4Vw5N,1.0,2.57284763074,762.687572442,420.351991469
b31OnfHQoKzTchz2,2.0,-88.479755814,1214.32455497,345.819557705
b3jHaPo8SGKkfWNw,1.0,2.57284763074,762.687572442,420.351991469
b4oQ7RqlICWzEC49,0.0,52.7795863498,713.63576265,471.310153302
b6y50NZPwZGF26Hs,2.0,-88.479755814,1214.32455497,345.819557705
b8UDKUJ5gET9NArI,1.0,2.57284763074,762.687572442,420.351991469
bCCZtp0Z4MxOVOEC,3.0,1.83042333952,353.241406529,622.528507948
bF4CWBpG4ijE9B34,3.0,1.83042333952,353.241406529,622.528507948
bF82k3xTZK3mtX2x,1.0,2.57284763074,762.687572442,420.351991469
bJHnXT23kZB7MEzV,0.0,52.7795863498,713.63576265,471.310153302
bSmLlII0rChEN5Wx,3.0,1.83042333952,353.241406529,622.528507948
bVDl6n0FVPkZAP8r,1.0,2.57284763074,762.687572442,420.351991469
bcLVRsuGEh7qKoqP,3.0,1.83042333952,353.241406529,622.528507948
bdICF8cW75m1XYda,1.0,2.57284763074,762.687572442,420.351991469
bh8CIHLpAoD55Crh,1.0,2.57284763074,762.687572442,420.351991469
biqPLlfYZMsmBfuh,4.0,7.23003675082,214.46120426,682.701098788
bjjn12E3GpKHWaut,1.0,2.57284763074,762.687572442,420.351991469
bmJnaghZKsZvV3Xg,3.0,1.83042333952,353.241406529,622.528507948
bprw5ZtLFVCsEMqJ,1.0,2.57284763074,762.687572442,420.351991469
c5cYC6hj3ak82B9J,1.0,2.57284763074,762.687572442,420.351991469
c6LxOP8KhwkxRu3Q,1.0,2.57284763074,762.687572442,420.351991469
cCnJ9uFsReHdddV8,3.0,1.83042333952,353.241406529,622.528507948
cCxqvqiDbbxBjS6k,3.0,1.83042333952,353.241406529,622.528507948
cDyd1mCD43W1GHR8,3.0,1.83042333952,353.241406529,622.528507948
cUwwEY9IyHbIEzp2,3.0,1.83042333952,353.241406529,622.528507948
cWQwSCSC8atHOM0m,1.0,2.57284763074,762.687572442,420.351991469
cYwZpJnJ42WIDLUv,3.0,1.83042333952,353.241406529,622.528507948
cZn8fy7RFzpZKRd7,0.0,52.7795863498,713.63576265,471.310153302
cbYtME1l7Pnjzwsj,1.0,2.57284763074,762.687572442,420.351991469
cj41X6wIrsk2KbYO,1.0,2.57284763074,762.687572442,420.351991469
coCv8cWUkjiSG37c,1.0,2.57284763074,762.687572442,420.351991469
cpHI102HuGpsNZAf,1.0,2.57284763074,762.687572442,420.351991469
cqcPENBN9RUtXolQ,1.0,2.57284763074,762.687572442,420.351991469
crfrJTwlZez37S92,1.0,2.57284763074,762.687572442,420.351991469
cukI1gS7bwJrIEjz,1.0,2.57284763074,762.687572442,420.351991469
czifyuccb6ikexOv,3.0,1.83042333952,353.241406529,622.528507948
czsgF8JxqqwGUBvc,3.0,1.83042333952,353.241406529,622.528507948
d0tsJhYNBpewzMEI,0.0,52.7795863498,713.63576265,471.310153302
d3OaN6xwVrHZ1jex,1.0,2.57284763074,762.687572442,420.351991469
d4cCqVDODI0Yjr0H,0.0,52.7795863498,713.63576265,471.310153302
dKEUvfFWEp5nKbGF,1.0,2.57284763074,762.687572442,420.351991469
dMdMYyvLRFjxgSrj,0.0,52.7795863498,713.63576265,471.310153302
dNqGK5IqMiVpFIKg,1.0,2.57284763074,762.687572442,420.351991469
dOmNy8dNP0wAYH0B,3.0,1.83042333952,353.241406529,622.528507948
dTYYG7rRXYvdtaTb,1.0,2.57284763074,762.687572442,420.351991469
dWz05SQw2hutZKSG,3.0,1.83042333952,353.241406529,622.528507948
daiTtaRJfxZ2ZYOU,3.0,1.83042333952,353.241406529,622.528507948
dcOGmKgRQK8g4nyZ,3.0,1.83042333952,353.241406529,622.528507948
ddM26ABUJPgnVIa3,0.0,52.7795863498,713.63576265,471.310153302
dhA2OQ6sKF4sqZQg,3.0,1.83042333952,353.241406529,622.528507948
diA46I8wLfTC8HMB,1.0,2.57284763074,762.687572442,420.351991469
diR00n0cYgNMkD93,4.0,7.23003675082,214.46120426,682.701098788
doY9WBxUFVxBWNEX,1.0,2.57284763074,762.687572442,420.351991469
doyoF3Mi9nizU5Ti,1.0,2.57284763074,762.687572442,420.351991469
dq87T6GQU7o3sUoS,1.0,2.57284763074,762.687572442,420.351991469
dv92Tp0xdzOGTYts,2.0,-88.479755814,1214.32455497,345.819557705
dvlYfoR5DKOquhqd,1.0,2.57284763074,762.687572442,420.351991469
dwLOJBeg9mvFZpct,3.0,1.83042333952,353.241406529,622.528507948
e39VySZYQ0eYHEnn,3.0,1.83042333952,353.241406529,622.528507948
e8OmvAP7NvwdHAqn,3.0,1.83042333952,353.241406529,622.528507948
e8ie9i2xC4CnrFoR,3.0,1.83042333952,353.241406529,622.528507948
e9vizDx6mtsANpNW,3.0,1.83042333952,353.241406529,622.528507948
eAqp9Bss1Jwgz2QU,1.0,2.57284763074,762.687572442,420.351991469
eBOvlHu9KXwOGpxU,1.0,2.57284763074,762.687572442,420.351991469
eD8TPlia5fd11MCJ,3.0,1.83042333952,353.241406529,622.528507948
eGKovFLLM2gj93Xb,1.0,2.57284763074,762.687572442,420.351991469
eHKgpSp0lAkA0ElX,0.0,52.7795863498,713.63576265,471.310153302
ePIPXHItEoZslFRR,3.0,1.83042333952,353.241406529,622.528507948
eVzPDDGmMfznqKfJ,1.0,2.57284763074,762.687572442,420.351991469
eWFkeABCyvDkIacg,3.0,1.83042333952,353.241406529,622.528507948
eWWAqKataSNs6ZxE,3.0,1.83042333952,353.241406529,622.528507948
eYmyYLpfds4ESsnV,1.0,2.57284763074,762.687572442,420.351991469
eZAFfsb1oQmRIWJN,0.0,52.7795863498,713.63576265,471.310153302
edbV6x9C2r5wEUqg,3.0,1.83042333952,353.241406529,622.528507948
ehxauliyZsQ6LdEw,1.0,2.57284763074,762.687572442,420.351991469
eigByyD1ZXYxy6ke,3.0,1.83042333952,353.241406529,622.528507948
eijTH1GE2AiCZBOr,3.0,1.83042333952,353.241406529,622.528507948
enKrQgBFCoMObFtT,3.0,1.83042333952,353.241406529,622.528507948
eqPZXOGWKjB94azh,3.0,1.83042333952,353.241406529,622.528507948
eqbLw6VxDESqI5Fn,1.0,2.57284763074,762.687572442,420.351991469
eszYYLKdg4pS1l0U,0.0,52.7795863498,713.63576265,471.310153302
euIltubci9KcJClf,1.0,2.57284763074,762.687572442,420.351991469
ev50DAzRkKMOX4sw,1.0,2.57284763074,762.687572442,420.351991469
f1GOW7WQrT7WTZ1Q,1.0,2.57284763074,762.687572442,420.351991469
f24R8B2OUeoUCdLG,1.0,2.57284763074,762.687572442,420.351991469
f6cdIMNHa2Cm2eam,1.0,2.57284763074,762.687572442,420.351991469
fA2sRQbB52BLRnI8,3.0,1.83042333952,353.241406529,622.528507948
fBHapcnpMfC2K8Jd,1.0,2.57284763074,762.687572442,420.351991469
fGdJhSCjdFdzn3vB,1.0,2.57284763074,762.687572442,420.351991469
fKXVhpinkWKkb57I,1.0,2.57284763074,762.687572442,420.351991469
fKwanXz0qIJZPuwu,1.0,2.57284763074,762.687572442,420.351991469
fSnFm3Fc5r05O7gW,1.0,2.57284763074,762.687572442,420.351991469
fUIB8TNONDkFS7D9,4.0,7.23003675082,214.46120426,682.701098788
fXSbXPfUnWchYNoQ,1.0,2.57284763074,762.687572442,420.351991469
fZmc6DFhMlyPb6Xm,0.0,52.7795863498,713.63576265,471.310153302
fbI3AjUcbAkGSHp5,0.0,52.7795863498,713.63576265,471.310153302
fbjwTJT4nTOHZ975,1.0,2.57284763074,762.687572442,420.351991469
ff2dCwTfOFfAm9ko,1.0,2.57284763074,762.687572442,420.351991469
flDymbEQMcCJWtlo,1.0,2.57284763074,762.687572442,420.351991469
fmbJ0QjKx062bife,3.0,1.83042333952,353.241406529,622.528507948
fnMMmqzB1tuXOeFG,3.0,1.83042333952,353.241406529,622.528507948
fyCjmImOCTCXxMqA,1.0,2.57284763074,762.687572442,420.351991469
fzpXNeOPJJQTGU92,4.0,7.23003675082,214.46120426,682.701098788
g20frO7o4oL4WUK2,3.0,1.83042333952,353.241406529,622.528507948
g2vyEOn85EHdahlD,2.0,-88.479755814,1214.32455497,345.819557705
g3W3rFm3gtDp8a0N,1.0,2.57284763074,762.687572442,420.351991469
g47AqlrjCMedT06O,1.0,2.57284763074,762.687572442,420.351991469
g6Bd5D4cwMrlrkxU,3.0,1.83042333952,353.241406529,622.528507948
g6Z02drZIh6EglIQ,3.0,1.83042333952,353.241406529,622.528507948
g8aE1hoM7F3ZagnV,3.0,1.83042333952,353.241406529,622.528507948
gCVzzDADdbtDfQyY,3.0,1.83042333952,353.241406529,622.528507948
gL1maCJBeCr1OliU,2.0,-88.479755814,1214.32455497,345.819557705
gNQafQmsraR0hRHE,3.0,1.83042333952,353.241406529,622.528507948
gVTdGjjzYhPXRvbU,1.0,2.57284763074,762.687572442,420.351991469
gWep1sJp5UCIW12z,3.0,1.83042333952,353.241406529,622.528507948
gXi4wBuFf1swWkd1,1.0,2.57284763074,762.687572442,420.351991469
geUWhPid69gqNejg,3.0,1.83042333952,353.241406529,622.528507948
glBWXp1f7oYONWuB,1.0,2.57284763074,762.687572442,420.351991469
gm7i7RzAjWqzSj55,1.0,2.57284763074,762.687572442,420.351991469
gzazLvs9Yuwbr5ds,1.0,2.57284763074,762.687572442,420.351991469
h8m4NGlwr4DQxgfV,3.0,1.83042333952,353.241406529,622.528507948
h9i4f40S1fXi5mAt,3.0,1.83042333952,353.241406529,622.528507948
h9qaiOUoIVxujqt1,1.0,2.57284763074,762.687572442,420.351991469
hAJDNy3HkLM2Lk4z,1.0,2.57284763074,762.687572442,420.351991469
hAQKhYUtQrtvQJgs,3.0,1.83042333952,353.241406529,622.528507948
hBnoN6PrMzrL0UKb,2.0,-88.479755814,1214.32455497,345.819557705
hBvyV6qNSKlcvbeP,1.0,2.57284763074,762.687572442,420.351991469
hFRPQxPbKdF3mAph,1.0,2.57284763074,762.687572442,420.351991469
hHieiuvxlsbvYaKk,3.0,1.83042333952,353.241406529,622.528507948
hMei2FDoBxBqCLTE,1.0,2.57284763074,762.687572442,420.351991469
hXD5gmov6jvRtg3U,1.0,2.57284763074,762.687572442,420.351991469
hYlPOT7NhRBowfTp,1.0,2.57284763074,762.687572442,420.351991469
hYm2aHtYcnIKOHtM,1.0,2.57284763074,762.687572442,420.351991469
hdiBcDwGbAFwf32F,2.0,-88.479755814,1214.32455497,345.819557705
hmyEl9TwoU7lh3F0,1.0,2.57284763074,762.687572442,420.351991469
hoSs3k9Nquf2R0TO,4.0,7.23003675082,214.46120426,682.701098788
hoi9qxOlucFKUJIY,0.0,52.7795863498,713.63576265,471.310153302
hqbQmVc75fTxsOo6,1.0,2.57284763074,762.687572442,420.351991469
hrEracRNo1FKjo79,1.0,2.57284763074,762.687572442,420.351991469
huogdYqsQqZLKzOi,1.0,2.57284763074,762.687572442,420.351991469
hxzOsFO3WEupvtVT,1.0,2.57284763074,762.687572442,420.351991469
i4qAui5hEn5I4GFQ,3.0,1.83042333952,353.241406529,622.528507948
i5DUq5tPSRjvH0uK,1.0,2.57284763074,762.687572442,420.351991469
i5JethFODIVDEcgX,1.0,2.57284763074,762.687572442,420.351991469
i71FdMgXVIISZYtJ,3.0,1.83042333952,353.241406529,622.528507948
i7zv5uek3nfkpvzt,3.0,1.83042333952,353.241406529,622.528507948
i8kCSCGn6GwKDNgf,1.0,2.57284763074,762.687572442,420.351991469
iCK53ArULADr0zRO,1.0,2.57284763074,762.687572442,420.351991469
iE2yMgOnnJQr2rB0,1.0,2.57284763074,762.687572442,420.351991469
iK2gNSAmALq1k7q1,3.0,1.83042333952,353.241406529,622.528507948
iLm7L3fCPAb7uyIm,1.0,2.57284763074,762.687572442,420.351991469
iMD238KZjphcY6rN,1.0,2.57284763074,762.687572442,420.351991469
iMKkqEVBDStUmTCW,1.0,2.57284763074,762.687572442,420.351991469
iTmojKMrvgD75G37,1.0,2.57284763074,762.687572442,420.351991469
iVam9gMGEOFCyifg,0.0,52.7795863498,713.63576265,471.310153302
iW4NtP6Jul7GtORr,0.0,52.7795863498,713.63576265,471.310153302
ii6SYXbvjuOxRNa3,1.0,2.57284763074,762.687572442,420.351991469
iwwysMNyDs5Lt5tY,1.0,2.57284763074,762.687572442,420.351991469
ixegI3gc0GxgRote,1.0,2.57284763074,762.687572442,420.351991469
iyDYkwsUFd7nNntE,3.0,1.83042333952,353.241406529,622.528507948
izKTY6ejAOkXfwgY,1.0,2.57284763074,762.687572442,420.351991469
j3edphqg0Czzhwwg,1.0,2.57284763074,762.687572442,420.351991469
jAlQiemjrfNWjerd,3.0,1.83042333952,353.241406529,622.528507948
jFS5LM7ajfuYZ22y,1.0,2.57284763074,762.687572442,420.351991469
jOB07wrzPuRKv1cm,1.0,2.57284763074,762.687572442,420.351991469
jP6YA1VYK1qHwBYA,1.0,2.57284763074,762.687572442,420.351991469
jR2OUkUTKAkBd61f,1.0,2.57284763074,762.687572442,420.351991469
jWWOG6n82U5ssyjc,3.0,1.83042333952,353.241406529,622.528507948
jbi0TA1SXEQkaoFg,1.0,2.57284763074,762.687572442,420.351991469
jfYRuEnHvwb8kzQk,1.0,2.57284763074,762.687572442,420.351991469
jh9e7qNkwJe9mCPu,1.0,2.57284763074,762.687572442,420.351991469
jhHV7sNPjKeDjANM,1.0,2.57284763074,762.687572442,420.351991469
jiuDGi4evckKdDMS,3.0,1.83042333952,353.241406529,622.528507948
jjHqnjZwP66E4MhC,3.0,1.83042333952,353.241406529,622.528507948
jjJXaSzse9Js2XPz,3.0,1.83042333952,353.241406529,622.528507948
jmPAzZWwa0pFH4Hd,3.0,1.83042333952,353.241406529,622.528507948
jmntmRJ4nX6UYXL0,1.0,2.57284763074,762.687572442,420.351991469
k0sK51PAKzIoiwut,1.0,2.57284763074,762.687572442,420.351991469
k1EEERmtU3uVmyuP,1.0,2.57284763074,762.687572442,420.351991469
k97uF22uZhGO3GvI,1.0,2.57284763074,762.687572442,420.351991469
kAvl7tt7PcLX4seE,1.0,2.57284763074,762.687572442,420.351991469
kBTmugr5lX0yGk9R,0.0,52.7795863498,713.63576265,471.310153302
kCagdUjUyrDWhr3t,3.0,1.83042333952,353.241406529,622.528507948
kEEHsnhSWZBdzTKN,2.0,-88.479755814,1214.32455497,345.819557705
kFx7pYAtmBhNJIcY,1.0,2.57284763074,762.687572442,420.351991469
kI4qV9p7BFVHbZd2,0.0,52.7795863498,713.63576265,471.310153302
kKiYcZ2dMO0Zvd9z,1.0,2.57284763074,762.687572442,420.351991469
kMsoB7XajfCtCDcH,3.0,1.83042333952,353.241406529,622.528507948
kQXc8eBS3cb86jkx,1.0,2.57284763074,762.687572442,420.351991469
kZTmIWqTPsqGz1lQ,1.0,2.57284763074,762.687572442,420.351991469
kkgmU9jIbMvalRGR,3.0,1.83042333952,353.241406529,622.528507948
klCzRNGHLLyRgvlK,0.0,52.7795863498,713.63576265,471.310153302
kn9827svBOt6iofZ,1.0,2.57284763074,762.687572442,420.351991469
kp8ZZJahmm7EHtST,1.0,2.57284763074,762.687572442,420.351991469
ksQxueYehwE6JoBJ,4.0,7.23003675082,214.46120426,682.701098788
kuPQpdrJKweJ9ICq,1.0,2.57284763074,762.687572442,420.351991469
kuqnx8qClSpHCpuV,3.0,1.83042333952,353.241406529,622.528507948
kxNluuiAHNU7ZE04,1.0,2.57284763074,762.687572442,420.351991469
kyHRmnD4puFu9mjW,1.0,2.57284763074,762.687572442,420.351991469
l3tVQfK4cOTiMNfF,0.0,52.7795863498,713.63576265,471.310153302
l5UNSp5AJ4oyPjTv,1.0,2.57284763074,762.687572442,420.351991469
l71KEqrKEWYmNsx0,3.0,1.83042333952,353.241406529,622.528507948
l9rnsAfqSWvjkD6A,0.0,52.7795863498,713.63576265,471.310153302
lBbUyOmYPrIxwXxg,1.0,2.57284763074,762.687572442,420.351991469
lCMzLLWrVrA7yWFb,3.0,1.83042333952,353.241406529,622.528507948
lEV1cgOExYp7rayF,1.0,2.57284763074,762.687572442,420.351991469
lHyf79E00UvZMD43,1.0,2.57284763074,762.687572442,420.351991469
lJivpOqnnoD7hFBF,3.0,1.83042333952,353.241406529,622.528507948
lLm6NTjFc8pDwxRu,1.0,2.57284763074,762.687572442,420.351991469
lMr8GLoxLwSGD7qr,3.0,1.83042333952,353.241406529,622.528507948
lMvrW8BubbZF2ivV,1.0,2.57284763074,762.687572442,420.351991469
lNeBwWRTUGdRknSu,3.0,1.83042333952,353.241406529,622.528507948
lNvdf1sxl40SCcbv,1.0,2.57284763074,762.687572442,420.351991469
lPy404hDsIpZgAy9,1.0,2.57284763074,762.687572442,420.351991469
lUZmjmBEvlzS6QDx,3.0,1.83042333952,353.241406529,622.528507948
lWNz3yVUgLsUpIz2,1.0,2.57284763074,762.687572442,420.351991469
lZhi1Hv1VSmfPmYZ,1.0,2.57284763074,762.687572442,420.351991469
lZsxde5s5s5tvBWU,3.0,1.83042333952,353.241406529,622.528507948
la2kxs6lsq5MeGKx,3.0,1.83042333952,353.241406529,622.528507948
la4sX1uhRD85nJS6,1.0,2.57284763074,762.687572442,420.351991469
lcW7z8KcmLo8XhS2,1.0,2.57284763074,762.687572442,420.351991469
lfqHHs2t6EevQhA5,3.0,1.83042333952,353.241406529,622.528507948
lqFt4bCLCDgq7KZ8,2.0,-88.479755814,1214.32455497,345.819557705
lqVnelWTgYhZ4e5A,3.0,1.83042333952,353.241406529,622.528507948
lqxDeAKgwc1eeph2,3.0,1.83042333952,353.241406529,622.528507948
lt3zCwVP0G2RlljQ,0.0,52.7795863498,713.63576265,471.310153302
lx10jfzyTHdQeJeC,1.0,2.57284763074,762.687572442,420.351991469
lyb84JgZs6hDeUuh,2.0,-88.479755814,1214.32455497,345.819557705
lzXOU7x1SIqdUk5A,1.0,2.57284763074,762.687572442,420.351991469
m2E6zy4bKdoUOnV7,1.0,2.57284763074,762.687572442,420.351991469
m2TmlvjVZlP821TJ,1.0,2.57284763074,762.687572442,420.351991469
m2ioebp38mkqEv8M,1.0,2.57284763074,762.687572442,420.351991469
m6FfOqtWnDLtG9Yh,0.0,52.7795863498,713.63576265,471.310153302
m6h000WcCSmyOGvX,1.0,2.57284763074,762.687572442,420.351991469
mBzQaBElKAfKYSwj,0.0,52.7795863498,713.63576265,471.310153302
mCGMWi1dz53gxAzD,3.0,1.83042333952,353.241406529,622.528507948
mEZjysGfDRBRQAMw,1.0,2.57284763074,762.687572442,420.351991469
mEsx3QGotdAsesTH,1.0,2.57284763074,762.687572442,420.351991469
mKEYlkGLVMDbibkp,0.0,52.7795863498,713.63576265,471.310153302
mQVGLvQjSq7ywRxi,1.0,2.57284763074,762.687572442,420.351991469
mTNyy3QouO4eyYdK,3.0,1.83042333952,353.241406529,622.528507948
metu7bu1GdNaGUmE,3.0,1.83042333952,353.241406529,622.528507948
mgbNtvVZUB0ioIL2,2.0,-88.479755814,1214.32455497,345.819557705
mjAJF44oQNQUC4Ms,1.0,2.57284763074,762.687572442,420.351991469
mnEbp2o7l8C4QHSw,1.0,2.57284763074,762.687572442,420.351991469
modTTEfmNnOeT8ke,1.0,2.57284763074,762.687572442,420.351991469
mpkQ5vSP0enOGE6F,1.0,2.57284763074,762.687572442,420.351991469
mq6MrSCwU3GS70BM,2.0,-88.479755814,1214.32455497,345.819557705
mrGQZeVouECSBdKK,1.0,2.57284763074,762.687572442,420.351991469
msQaw4tMWuvv2Yjj,3.0,1.83042333952,353.241406529,622.528507948
mvC5F2Cx426SLQIu,0.0,52.7795863498,713.63576265,471.310153302
mwAqq6OQcaW02i00,3.0,1.83042333952,353.241406529,622.528507948
n0DPcHASUSf0TGpj,2.0,-88.479755814,1214.32455497,345.819557705
n6ffJSdRGXHFunGU,3.0,1.83042333952,353.241406529,622.528507948
n72BihrNAUDqh8oY,2.0,-88.479755814,1214.32455497,345.819557705
nDoZmH7TTaPPwRIF,2.0,-88.479755814,1214.32455497,345.819557705
nJhL7Lw5G1BNuy2j,3.0,1.83042333952,353.241406529,622.528507948
nQ6VgowQCh8yrKcc,1.0,2.57284763074,762.687572442,420.351991469
nVWhEpeR0w2xCBiu,2.0,-88.479755814,1214.32455497,345.819557705
nVj6z1pkSnR0hv5F,1.0,2.57284763074,762.687572442,420.351991469
nb7mxww5iXxvQwEo,0.0,52.7795863498,713.63576265,471.310153302
nn4TF4Rt13lIjml0,1.0,2.57284763074,762.687572442,420.351991469
nn86Up95rRNXkBTp,0.0,52.7795863498,713.63576265,471.310153302
nuJNSEdcpCIpM65x,3.0,1.83042333952,353.241406529,622.528507948
nvY32cC40fDFZHdq,3.0,1.83042333952,353.241406529,622.528507948
nz3nPiVLP0AWig6f,1.0,2.57284763074,762.687572442,420.351991469
o3HnoEN6AZWjaugY,2.0,-88.479755814,1214.32455497,345.819557705
o5alAWRbPu1NGJol,3.0,1.83042333952,353.241406529,622.528507948
o8PeflST1fuOZ02I,1.0,2.57284763074,762.687572442,420.351991469
o9QoA7uAnPYPx4rx,3.0,1.83042333952,353.241406529,622.528507948
oAhVqmWZmq2Psx33,1.0,2.57284763074,762.687572442,420.351991469
oF8tLXMFZByVRhgQ,1.0,2.57284763074,762.687572442,420.351991469
oPJsnX8tSFhkWRg2,3.0,1.83042333952,353.241406529,622.528507948
oRhDY9Zbp1Ptv7r8,1.0,2.57284763074,762.687572442,420.351991469
oYJEfnZJlDelAaBp,1.0,2.57284763074,762.687572442,420.351991469
odfd5IME3mZ59ohw,3.0,1.83042333952,353.241406529,622.528507948
of7hQ6q9P55N9E12,1.0,2.57284763074,762.687572442,420.351991469
ohElpbsKE7rh8lew,1.0,2.57284763074,762.687572442,420.351991469
ohOLGOQbNDuaKNqL,1.0,2.57284763074,762.687572442,420.351991469
ohmsZtc24HhvTHtO,2.0,-88.479755814,1214.32455497,345.819557705
oj2czljsHCPdfd12,1.0,2.57284763074,762.687572442,420.351991469
oj9L06dTqbmN55sM,1.0,2.57284763074,762.687572442,420.351991469
ojg6m1Wi7c6XExH1,0.0,52.7795863498,713.63576265,471.310153302
opS1KPdUFend3Sql,4.0,7.23003675082,214.46120426,682.701098788
opkTSJprjPD33Z0N,2.0,-88.479755814,1214.32455497,345.819557705
oqPNUxwR4ENX81eE,2.0,-88.479755814,1214.32455497,345.819557705
osofmdpmXYeMDqs5,3.0,1.83042333952,353.241406529,622.528507948
ovCuSiaV63wAzuau,3.0,1.83042333952,353.241406529,622.528507948
oycjO8Zb0jDJcYI9,0.0,52.7795863498,713.63576265,471.310153302
oysGFZ0JNAcUy4lS,1.0,2.57284763074,762.687572442,420.351991469
p1BBnn0z2fehatIp,1.0,2.57284763074,762.687572442,420.351991469
p1nyq4Qxxba9xwrr,4.0,7.23003675082,214.46120426,682.701098788
p2nGgEEgqZZ3ivgl,3.0,1.83042333952,353.241406529,622.528507948
p3IzeEMD561Wmr4v,3.0,1.83042333952,353.241406529,622.528507948
p4JyjnPVsAlzZCD0,0.0,52.7795863498,713.63576265,471.310153302
p57WJ6O7x0VEuSgI,1.0,2.57284763074,762.687572442,420.351991469
p5kmTbLgG4fGO0IP,3.0,1.83042333952,353.241406529,622.528507948
p6Lyt6ydDD30eeR0,3.0,1.83042333952,353.241406529,622.528507948
p7Ftp7KMlN1Dj7zM,1.0,2.57284763074,762.687572442,420.351991469
p7vEkg0OGgB0GyjP,1.0,2.57284763074,762.687572442,420.351991469
p8jmGKCn9cbd1VWq,1.0,2.57284763074,762.687572442,420.351991469
pB5EmXh4gJ7XgODZ,3.0,1.83042333952,353.241406529,622.528507948
pDmabY9VtmxkNyPU,1.0,2.57284763074,762.687572442,420.351991469
pDnHm32RQPs2n4H0,1.0,2.57284763074,762.687572442,420.351991469
pE7qDLr3nudAOqvH,1.0,2.57284763074,762.687572442,420.351991469
pJD8FcwtbSJLhh9H,1.0,2.57284763074,762.687572442,420.351991469
pPs98L6i6mn6N3dH,2.0,-88.479755814,1214.32455497,345.819557705
pTeujrA2arOCXJYA,0.0,52.7795863498,713.63576265,471.310153302
pXRuxDzXJfW5DwH4,1.0,2.57284763074,762.687572442,420.351991469
pXzJ2lmA626QFq5F,1.0,2.57284763074,762.687572442,420.351991469
pYsFPKmuq3qVz6i8,3.0,1.83042333952,353.241406529,622.528507948
pZ9awucblXACXtbV,3.0,1.83042333952,353.241406529,622.528507948
pZzuigAwLPxyyzvr,1.0,2.57284763074,762.687572442,420.351991469
pbiIDzyvGOkJ4Ytr,1.0,2.57284763074,762.687572442,420.351991469
pd2khC2z4IPeX3x3,1.0,2.57284763074,762.687572442,420.351991469
phS5Didm9SlMPVvP,3.0,1.83042333952,353.241406529,622.528507948
pi3jhwVIURjlsMF7,1.0,2.57284763074,762.687572442,420.351991469
pqnUU0hZUe4ltJ6I,3.0,1.83042333952,353.241406529,622.528507948
prC8NYyUD1ilbBvw,3.0,1.83042333952,353.241406529,622.528507948
psTlpI0yPnb3rSwO,2.0,-88.479755814,1214.32455497,345.819557705
psUISnamH4pRsWa3,1.0,2.57284763074,762.687572442,420.351991469
pwmSUaZGMTyuc5eP,1.0,2.57284763074,762.687572442,420.351991469
q2F9axTiNfeoLdMa,1.0,2.57284763074,762.687572442,420.351991469
q2mXsr6N4caJaWfg,1.0,2.57284763074,762.687572442,420.351991469
q62a41H8w3Ra3KZe,1.0,2.57284763074,762.687572442,420.351991469
q8yUMjiUhX1BlyAH,3.0,1.83042333952,353.241406529,622.528507948
q9v4IuV9WinIv8xp,3.0,1.83042333952,353.241406529,622.528507948
qInE5JmA0Lkc5CPd,1.0,2.57284763074,762.687572442,420.351991469
qOI8ENm7xAeoxmT4,1.0,2.57284763074,762.687572442,420.351991469
qOo2Y3kGBlDpJWA6,1.0,2.57284763074,762.687572442,420.351991469
qROdUx74v5rVXSw0,3.0,1.83042333952,353.241406529,622.528507948
qVOENJNCCHknnmLF,1.0,2.57284763074,762.687572442,420.351991469
qXiAzSIkavMhXrgP,2.0,-88.479755814,1214.32455497,345.819557705
qZSptawN7dDekDRc,1.0,2.57284763074,762.687572442,420.351991469
qa1cK9VgBPmDGgiq,1.0,2.57284763074,762.687572442,420.351991469
qcNXok86ueFaZtBb,0.0,52.7795863498,713.63576265,471.310153302
qcp68XXpBWodRRLi,1.0,2.57284763074,762.687572442,420.351991469
qdSA8xuQdG56v5cG,3.0,1.83042333952,353.241406529,622.528507948
qeXS1W5wu2ytiu9T,1.0,2.57284763074,762.687572442,420.351991469
qm7R38kmFYiIWtTU,3.0,1.83042333952,353.241406529,622.528507948
qnTBVR2fgdyYnWTZ,1.0,2.57284763074,762.687572442,420.351991469
qokvn185fd5bOmmf,4.0,7.23003675082,214.46120426,682.701098788
qpmy9rfTu6Pk4lKX,3.0,1.83042333952,353.241406529,622.528507948
qwRsmcNPnjFfzc9h,1.0,2.57284763074,762.687572442,420.351991469
qxPXqhLHrbizU6An,0.0,52.7795863498,713.63576265,471.310153302
qyKJ6Icmzz0kIBTj,3.0,1.83042333952,353.241406529,622.528507948
r1cNMKKQHmdRvxdd,1.0,2.57284763074,762.687572442,420.351991469
r4jPX7HFocd1ifE2,2.0,-88.479755814,1214.32455497,345.819557705
r7TzP2cmoxdM1C1a,0.0,52.7795863498,713.63576265,471.310153302
r9LWIK77fCVEjnTK,1.0,2.57284763074,762.687572442,420.351991469
rCxNgecVglwwiAcs,1.0,2.57284763074,762.687572442,420.351991469
rFxF2xvvEIixIKxI,1.0,2.57284763074,762.687572442,420.351991469
rGdzLlJo2CiouQiD,1.0,2.57284763074,762.687572442,420.351991469
rIQRNLCi4ax9YopJ,3.0,1.83042333952,353.241406529,622.528507948
rN5r674N25dwfqvB,1.0,2.57284763074,762.687572442,420.351991469
rOW8d2HkOvDQzCab,3.0,1.83042333952,353.241406529,622.528507948
rP8WXH78ur6Ql0oL,0.0,52.7795863498,713.63576265,471.310153302
rQG3erUba14wdo3m,1.0,2.57284763074,762.687572442,420.351991469
raMCcGK9Gh1VQnxV,1.0,2.57284763074,762.687572442,420.351991469
rbzoxpBuCU3yhELX,1.0,2.57284763074,762.687572442,420.351991469
rdD0VqFbaltZQOVY,0.0,52.7795863498,713.63576265,471.310153302
rh1AyUNmz7bNAuih,1.0,2.57284763074,762.687572442,420.351991469
rh8MDUbx27CWfbFb,1.0,2.57284763074,762.687572442,420.351991469
rhIvuc2MgSmaxBVc,1.0,2.57284763074,762.687572442,420.351991469
rjHtQ1IhKWOUWSOk,1.0,2.57284763074,762.687572442,420.351991469
rlpv9LHFDHhMx7fv,0.0,52.7795863498,713.63576265,471.310153302
rtGSp04QA4lR3Nun,3.0,1.83042333952,353.241406529,622.528507948
rv9nbe7MXWIPWgMR,3.0,1.83042333952,353.241406529,622.528507948
rvoz7DsYrO573ThU,1.0,2.57284763074,762.687572442,420.351991469
rx5eYAjD6hoqVwFk,1.0,2.57284763074,762.687572442,420.351991469
rxdZATIBPKXlqefE,3.0,1.83042333952,353.241406529,622.528507948
s30IMW02HL7qXU4U,1.0,2.57284763074,762.687572442,420.351991469
s7xDXsnwDl4ibI7S,3.0,1.83042333952,353.241406529,622.528507948
sHZf4ZdtCmeftvgE,1.0,2.57284763074,762.687572442,420.351991469
sMQzxniwNUbcMfPO,1.0,2.57284763074,762.687572442,420.351991469
sNwCySda2sNwgWqk,3.0,1.83042333952,353.241406529,622.528507948
sODMwXVAAXuGj3zJ,1.0,2.57284763074,762.687572442,420.351991469
sOw8Ly9DPUEWR275,1.0,2.57284763074,762.687572442,420.351991469
sRfLl8tpxuleUliw,2.0,-88.479755814,1214.32455497,345.819557705
sWgWPmzZLjQRo6YD,1.0,2.57284763074,762.687572442,420.351991469
sdA3hGLgpu1F71RP,2.0,-88.479755814,1214.32455497,345.819557705
sdyp6rlVDZta68qe,1.0,2.57284763074,762.687572442,420.351991469
sf0KJot71tYzjkc0,1.0,2.57284763074,762.687572442,420.351991469
sgZsa4dPM7MgJ4rF,1.0,2.57284763074,762.687572442,420.351991469
sjxQYuTYrWhccGb3,1.0,2.57284763074,762.687572442,420.351991469
sohl7fmZwdL8hEIk,3.0,1.83042333952,353.241406529,622.528507948
somaNU2sXEylJyly,1.0,2.57284763074,762.687572442,420.351991469
sr50OavuKfurJaYT,3.0,1.83042333952,353.241406529,622.528507948
sx6oo75noxL2RCOG,1.0,2.57284763074,762.687572442,420.351991469
t2DnmJuKoT0xM5Jw,1.0,2.57284763074,762.687572442,420.351991469
t3W13qgdQPca9JwX,3.0,1.83042333952,353.241406529,622.528507948
t4P1Nzu8jrVvgLw2,1.0,2.57284763074,762.687572442,420.351991469
t6ITkNZHMkYc3GkP,3.0,1.83042333952,353.241406529,622.528507948
t7zwHxwVuW6nUZmK,1.0,2.57284763074,762.687572442,420.351991469
t9LIjCaq402bZSd4,1.0,2.57284763074,762.687572442,420.351991469
tBYIiRwjaqEoPuxh,1.0,2.57284763074,762.687572442,420.351991469
tCyK0nh1iMaUkkaT,1.0,2.57284763074,762.687572442,420.351991469
tEVYtCJLtsmgltII,3.0,1.83042333952,353.241406529,622.528507948
tEtha91piYaL4I2K,1.0,2.57284763074,762.687572442,420.351991469
tFAJJ7LzB7bmjRQZ,1.0,2.57284763074,762.687572442,420.351991469
tFORjWLSAFj064Is,0.0,52.7795863498,713.63576265,471.310153302
tO9FEgnuoVOLESkO,1.0,2.57284763074,762.687572442,420.351991469
tOoYVsTREQb83HAP,1.0,2.57284763074,762.687572442,420.351991469
tRORfv1yggTky0EN,2.0,-88.479755814,1214.32455497,345.819557705
tTrO8FEKrfnnt6We,1.0,2.57284763074,762.687572442,420.351991469
tVv2tCj2GLPbF3Ov,1.0,2.57284763074,762.687572442,420.351991469
tiTCuc5TaNzn8R7z,1.0,2.57284763074,762.687572442,420.351991469
tjB25CghBVoXnuMd,3.0,1.83042333952,353.241406529,622.528507948
tnsUDRnEL9gRr7zW,1.0,2.57284763074,762.687572442,420.351991469
tryk60UJidLx3HAA,1.0,2.57284763074,762.687572442,420.351991469
ttq3rJ3rKBjVAtj8,3.0,1.83042333952,353.241406529,622.528507948
tuJv13uvX8W0Knzb,0.0,52.7795863498,713.63576265,471.310153302
tvkFVfcMF8KHWqL2,1.0,2.57284763074,762.687572442,420.351991469
twYHJ66wE9WWfOt1,3.0,1.83042333952,353.241406529,622.528507948
twmNw4HRbcMJFY9P,1.0,2.57284763074,762.687572442,420.351991469
txyislpaI2zYUQ6X,3.0,1.83042333952,353.241406529,622.528507948
u0T0tljndY8v6Xwu,3.0,1.83042333952,353.241406529,622.528507948
u0cCaQnWUdQ1QuBy,1.0,2.57284763074,762.687572442,420.351991469
u3GRdg0xigdrTO90,1.0,2.57284763074,762.687572442,420.351991469
u4qodSN6Apn5posN,4.0,7.23003675082,214.46120426,682.701098788
u62BY6PnCqDW3d96,1.0,2.57284763074,762.687572442,420.351991469
u7hFRSj65rw5n2Bo,1.0,2.57284763074,762.687572442,420.351991469
u92cuz7UcAwE03DF,1.0,2.57284763074,762.687572442,420.351991469
uA7nGeMYDhDDgKTo,1.0,2.57284763074,762.687572442,420.351991469
uAIngcA2sjwW9TkQ,1.0,2.57284763074,762.687572442,420.351991469
uCnSMsI0jYBp9ccu,3.0,1.83042333952,353.241406529,622.528507948
uCncwH3Oy2MzUsAn,1.0,2.57284763074,762.687572442,420.351991469
uGw9PdVIm8jlUdA6,0.0,52.7795863498,713.63576265,471.310153302
uHOE1oUtj2qt9a7t,3.0,1.83042333952,353.241406529,622.528507948
uJMunAZvee0ZQ1au,1.0,2.57284763074,762.687572442,420.351991469
uMKnUBaGrOk8JdaS,1.0,2.57284763074,762.687572442,420.351991469
uQsAWakTSuitTwvn,1.0,2.57284763074,762.687572442,420.351991469
uTSrTWTiYxMA9t1o,1.0,2.57284763074,762.687572442,420.351991469
uWE6y89pnQuyV4hH,1.0,2.57284763074,762.687572442,420.351991469
uZGoVJj5wfoBwybw,1.0,2.57284763074,762.687572442,420.351991469
uaMxuFaaiIn2cgaL,0.0,52.7795863498,713.63576265,471.310153302
ucm8LCsuyL0UCAaW,3.0,1.83042333952,353.241406529,622.528507948
ufDp1DiDxfdfmsRh,1.0,2.57284763074,762.687572442,420.351991469
ugcxGpHur6eUzUal,3.0,1.83042333952,353.241406529,622.528507948
ugl65eVfyayDB7d2,1.0,2.57284763074,762.687572442,420.351991469
uhIoXz8UPJuO1NpW,3.0,1.83042333952,353.241406529,622.528507948
ulKLabJf17apUpVe,3.0,1.83042333952,353.241406529,622.528507948
unnMYOoTDNPkTerT,3.0,1.83042333952,353.241406529,622.528507948
uoVknQQiqrQH6JUY,1.0,2.57284763074,762.687572442,420.351991469
upJO7XDVAzI8NBnP,1.0,2.57284763074,762.687572442,420.351991469
urdjGNWX400sL7ZT,3.0,1.83042333952,353.241406529,622.528507948
uyIhMEgbUVNx1Le2,1.0,2.57284763074,762.687572442,420.351991469
v2nwrfly6Nt4TmGY,3.0,1.83042333952,353.241406529,622.528507948
v8C68D5cZsPV8EnE,1.0,2.57284763074,762.687572442,420.351991469
vLBxen2K0rOD2IzG,1.0,2.57284763074,762.687572442,420.351991469
vQ8A3EY7wzW4f0R2,1.0,2.57284763074,762.687572442,420.351991469
vZwdLiwWFDXE2c27,2.0,-88.479755814,1214.32455497,345.819557705
vbZwMuTC62kGkdGM,1.0,2.57284763074,762.687572442,420.351991469
vi9bh6xGuJk9BVmp,1.0,2.57284763074,762.687572442,420.351991469
vsI6CCm69g7CIFRF,3.0,1.83042333952,353.241406529,622.528507948
vxHON5Dz99UnCdms,1.0,2.57284763074,762.687572442,420.351991469
vy2vNbiLHkzZduo5,1.0,2.57284763074,762.687572442,420.351991469
vyPxUXXE9MMj1QEL,1.0,2.57284763074,762.687572442,420.351991469
vyU0KvvC9x4mPqVW,3.0,1.83042333952,353.241406529,622.528507948
vzoBRJvJH85tHIlE,3.0,1.83042333952,353.241406529,622.528507948
w8qhA8iEiCIWEFtu,1.0,2.57284763074,762.687572442,420.351991469
wCNVd56vGUT2Otlw,1.0,2.57284763074,762.687572442,420.351991469
wJ11HALwhBtFOxdF,1.0,2.57284763074,762.687572442,420.351991469
wONt21oBFjAVKaZZ,1.0,2.57284763074,762.687572442,420.351991469
wOOxOeyoVSnGVZSc,1.0,2.57284763074,762.687572442,420.351991469
waniFJ2104uj39iH,1.0,2.57284763074,762.687572442,420.351991469
wldMGL8ri5InJx6n,1.0,2.57284763074,762.687572442,420.351991469
wogKSSoem0aGtV3O,3.0,1.83042333952,353.241406529,622.528507948
wsn28Ja8QTnhanV6,0.0,52.7795863498,713.63576265,471.310153302
wtvWyuTZAjX7J68u,1.0,2.57284763074,762.687572442,420.351991469
wuW9utd5C0baVj3P,1.0,2.57284763074,762.687572442,420.351991469
ww2o9BBj35sEWr3j,1.0,2.57284763074,762.687572442,420.351991469
wzuqpO2qBcni9jks,1.0,2.57284763074,762.687572442,420.351991469
x44ETRna8K6sKZKC,3.0,1.83042333952,353.241406529,622.528507948
x7KFdLV7GXS11tcZ,2.0,-88.479755814,1214.32455497,345.819557705
x8hB2rYDn7GsSuEV,3.0,1.83042333952,353.241406529,622.528507948
x91MI3bcffakn4X8,1.0,2.57284763074,762.687572442,420.351991469
x95Sr4kTOc8TQfKe,1.0,2.57284763074,762.687572442,420.351991469
xImLEUA885NbNepR,3.0,1.83042333952,353.241406529,622.528507948
xJertE4lFdF8HklP,1.0,2.57284763074,762.687572442,420.351991469
xMAtPc6SrmB8GM7B,1.0,2.57284763074,762.687572442,420.351991469
xOaRzRkSQskmu2sl,3.0,1.83042333952,353.241406529,622.528507948
xQACfoPubnadsong,4.0,7.23003675082,214.46120426,682.701098788
xRBbfPgjJNPsBw0b,1.0,2.57284763074,762.687572442,420.351991469
xTHQwOepz1PbMCcP,1.0,2.57284763074,762.687572442,420.351991469
xULBBQRXdUJwLJhg,1.0,2.57284763074,762.687572442,420.351991469
xY8HcFzkozFCVL4H,1.0,2.57284763074,762.687572442,420.351991469
xbpi8WQTJ791oGW7,3.0,1.83042333952,353.241406529,622.528507948
xbycrpudtWaJEC0N,1.0,2.57284763074,762.687572442,420.351991469
xhWM0b3pAZFcXZST,3.0,1.83042333952,353.241406529,622.528507948
xj71rE2KKLOxjWLh,1.0,2.57284763074,762.687572442,420.351991469
xlFQlP7Ub4Vc5iSG,1.0,2.57284763074,762.687572442,420.351991469
xmOA2z03N7rLoVut,1.0,2.57284763074,762.687572442,420.351991469
xn7868R0lH0CJFDq,4.0,7.23003675082,214.46120426,682.701098788
xnUVrrjzULPK4tIh,3.0,1.83042333952,353.241406529,622.528507948
xpFY4yY0sGmpDVL9,3.0,1.83042333952,353.241406529,622.528507948
xvtKKCYjU8fcpcp8,3.0,1.83042333952,353.241406529,622.528507948
xwWwb3jNrfeDaq7i,3.0,1.83042333952,353.241406529,622.528507948
xx0sW3Bw2b8fTNl4,1.0,2.57284763074,762.687572442,420.351991469
xxu0nWX9VZpufBhE,3.0,1.83042333952,353.241406529,622.528507948
xzCEzIrhbQee0IoG,4.0,7.23003675082,214.46120426,682.701098788
y4u1M7yK6ECR1GVc,1.0,2.57284763074,762.687572442,420.351991469
y5k0VPWCZOUbeZ8T,1.0,2.57284763074,762.687572442,420.351991469
yAfvYDHRZEGQF3oa,3.0,1.83042333952,353.241406529,622.528507948
yBnLmeWdUMBvGGaN,3.0,1.83042333952,353.241406529,622.528507948
yGD1OA12hTHh99Vb,1.0,2.57284763074,762.687572442,420.351991469
yP0mSX8CVLjzk8o5,1.0,2.57284763074,762.687572442,420.351991469
yQKw7ujvYcW2APZR,1.0,2.57284763074,762.687572442,420.351991469
yXHdptZLAakEerHf,4.0,7.23003675082,214.46120426,682.701098788
yYogmbgbIhQENIhm,1.0,2.57284763074,762.687572442,420.351991469
ye8VOWLdTRXf5H8G,3.0,1.83042333952,353.241406529,622.528507948
yfTqWpujARd6AnC6,1.0,2.57284763074,762.687572442,420.351991469
yilcthhEAPpccuOn,1.0,2.57284763074,762.687572442,420.351991469
yj3h2dnXDG604abl,4.0,7.23003675082,214.46120426,682.701098788
yksVzPrMnXeYIv7V,1.0,2.57284763074,762.687572442,420.351991469
ynToiEqi3RWoUgGV,3.0,1.83042333952,353.241406529,622.528507948
ynd9GIXU682Vhx3B,1.0,2.57284763074,762.687572442,420.351991469
yubwbfqLUuo9LdWN,2.0,-88.479755814,1214.32455497,345.819557705
yv1IMkIcGb4gWi68,0.0,52.7795863498,713.63576265,471.310153302
yzkf8Ll1K0eeXU9l,1.0,2.57284763074,762.687572442,420.351991469
z1NPf6auvyPI1gxz,4.0,7.23003675082,214.46120426,682.701098788
z2KdiJMMG0C7rmP5,1.0,2.57284763074,762.687572442,420.351991469
z2llvwba1hNrAonZ,1.0,2.57284763074,762.687572442,420.351991469
z3NyIwDkOAbBqqJk,1.0,2.57284763074,762.687572442,420.351991469
z57R24zsQTgq4Gt7,3.0,1.83042333952,353.241406529,622.528507948
zIhh4cs0rX8jtdfw,2.0,-88.479755814,1214.32455497,345.819557705
zKKeeH3Y462lmM3f,1.0,2.57284763074,762.687572442,420.351991469
zN0R9OrjupOmzpmZ,3.0,1.83042333952,353.241406529,622.528507948
zP3VySyM54eyj5mZ,1.0,2.57284763074,762.687572442,420.351991469
zPtOCQYZ330dffkt,3.0,1.83042333952,353.241406529,622.528507948
zR3vz986JhrV8VXA,0.0,52.7795863498,713.63576265,471.310153302
zR6VkJBSdt1ZrAEx,1.0,2.57284763074,762.687572442,420.351991469
zS1CWBe6SQZPQ56Y,0.0,52.7795863498,713.63576265,471.310153302
zVTfNIDEQIXpfRTu,1.0,2.57284763074,762.687572442,420.351991469
zXZSvmqfqvnwJgn1,1.0,2.57284763074,762.687572442,420.351991469
zZCiaXh6FllAYILs,1.0,2.57284763074,762.687572442,420.351991469
zdwVt8U2VF8pzpsy,3.0,1.83042333952,353.241406529,622.528507948
zgjGuS2fRDKbmb5x,3.0,1.83042333952,353.241406529,622.528507948
ziSjGcGfbowUyuBO,0.0,52.7795863498,713.63576265,471.310153302
zmYfc0lC2MQ3gfrW,0.0,52.7795863498,713.63576265,471.310153302
zmYmO0WstvQIl19P,0.0,52.7795863498,713.63576265,471.310153302
zqWCbHoUPI9lMVBK,3.0,1.83042333952,353.241406529,622.528507948
zrqy3XarL6jSoraK,3.0,1.83042333952,353.241406529,622.528507948
zxjr6V8bFiFHxpNU,1.0,2.57284763074,762.687572442,420.351991469
